ID,Fecha_Creacion,Contenido,Calificacion,Valoracion,likes,dislikes,fecha_compra,Numero de Palabras,Palabras_Prohibidas,Imagenes,Reacciones,atributos,Variaci√≥n_Atributos
MLM1481390999,2023-10-10T17:44:23Z,Est√° a la medida adecuada para m√≠ cami√≥n.,0,5,0,0,2023-09-30T07:50:09Z,8,0,1,,,
MLM1481390999,2023-09-29T03:23:15Z,,0,5,0,0,2023-09-26T18:10:16Z,0,0,1,,,
MLM1481390999,2023-04-21T23:53:27Z,Esta muy bonito de buena calidad cuenta con su led y se ve magn√≠fico.,0,5,0,0,2023-04-04T03:48:14Z,14,0,1,,,
MLM1481390999,2024-01-12T06:13:33Z,"Excelente, colores muy agradables y las luces le dan un toque especial, lo recomiendo totalmente.",0,5,0,0,2024-01-06T06:08:18Z,15,0,0,,,
MLM1481390999,2023-11-22T00:09:00Z,Muy bienl.,0,5,0,0,2023-11-19T22:48:29Z,2,0,0,,,
MLM1481390999,2023-11-13T21:38:01Z,"Perfecto material, solamente que venia mal las luces. Jam√°s prendieron.",0,3,0,0,2023-11-13T04:35:00Z,10,0,0,,,
MLM1481390999,2023-11-10T19:20:25Z,Me encant√≥.,0,5,0,0,2023-02-01T05:05:55Z,2,0,0,,,
MLM1481390999,2023-10-12T21:14:19Z,Excelente ‚ú®.,0,5,0,0,2023-09-27T12:04:08Z,1,0,0,,,
MLM1481390999,2023-10-06T05:44:33Z,Muy vonito me encant√≥ lo volver√≠a a pedir esta hermoso.,0,5,0,0,2023-10-02T00:37:22Z,10,0,0,,,
MLM1481390999,2023-10-05T16:02:31Z,Muy bonita y de tama√±o excelente. Las luces son un plus. Ya que sin ellas aun es muy bonita.,0,5,0,0,2023-09-25T22:21:12Z,19,0,0,,,
MLM1481390999,2023-09-23T02:13:17Z,Buena calidad la recomiendo.,0,5,0,0,2023-09-16T04:14:14Z,4,0,0,,,
MLM1481390999,2023-08-29T23:04:11Z,Esta muy bonito lo recomiendo.,0,5,0,0,2023-08-20T19:39:49Z,5,0,0,,,
MLM1481390999,2023-07-02T21:04:27Z,El material no es el mejor pero se ve lindo.,0,3,0,0,2022-12-20T18:21:19Z,10,0,0,,,
MLM1481390999,2023-05-20T14:12:17Z,Super lindo tal caul la fotografia.,0,5,0,0,2023-03-15T06:10:18Z,6,0,0,,,
MLM1481390999,2023-04-04T05:31:59Z,Me gusto üëçüèº.,0,4,0,0,2023-03-19T20:55:04Z,2,0,0,,,
MLM1481390999,2023-04-01T01:42:38Z,Hermoso.,0,5,0,0,2023-03-26T04:46:33Z,1,0,0,,,
MLM1481390999,2023-03-31T01:00:47Z,Muy bueno.,0,5,0,0,2023-03-16T04:10:34Z,2,0,0,,,
MLM1481390999,2023-03-25T14:48:50Z,Muy bonito.,0,5,0,0,2023-03-15T00:51:09Z,2,0,0,,,
MLM1481390999,2023-03-13T03:44:28Z,Excelente producto üëå.,0,5,0,0,2023-03-07T08:44:59Z,2,0,0,,,
MLM1481390999,2023-01-24T15:08:18Z,Muy bueno. Se ve incre√≠ble.,0,5,0,0,2022-12-28T20:17:02Z,5,0,0,,,
MLM1481390999,2023-01-21T22:38:45Z,"Est√° muy bien hecho el atrapasue√±os, muy bonito, le quit√© una estrella solo porque el bot√≥n de los foquitos no est√° oculto, queda colgando y resalta, pero si est√° muy bonito y bien hecho.",0,4,0,0,2022-12-18T04:09:38Z,34,0,0,,,
MLM1481390999,2023-01-09T22:11:47Z,Muy bonito pero si esta algo grandecito a mi gusto.,0,5,0,0,2022-12-17T19:45:44Z,10,0,0,,,
MLM1794898047,2023-08-08T03:01:08Z,Muy buena calidad. Excelente producto.,1,5,1,0,2023-08-05T18:15:36Z,5,0,0,,,
MLM1794898047,2023-07-29T06:40:20Z,"Est√°n divinos los am√©, se ven geniales y la calidad excelente.",1,5,1,0,2023-07-27T18:37:43Z,11,0,0,,,
MLM1794898047,2023-07-26T17:07:58Z,Estoy encantada. El material se ve resistible y son muy lindas.,1,5,1,0,2023-07-19T00:22:41Z,11,0,0,,,
MLM1794898047,2023-07-17T03:26:51Z,"Esta lindo bien con el precio, lo recomiendo.",1,5,1,0,2023-07-13T18:09:59Z,8,0,0,,,
MLM1794898047,2023-07-08T05:59:01Z,"Preciososüåø.
Da un toque boho a mi hoga.",1,5,1,0,2023-06-20T23:38:58Z,8,0,0,,,
MLM1794898047,2023-12-07T03:06:05Z,Super hermosos tal como la foto los volver√≠a a comprar me encantan.,0,5,0,0,2023-12-02T23:50:56Z,12,0,1,,,
MLM1794898047,2023-08-11T02:19:04Z,Hermoso para lo que ped√≠ y pense.,0,5,0,0,2023-05-12T22:49:54Z,7,0,1,,,
MLM1794898047,2024-01-15T00:29:22Z,Excelente producto de calidad a muy buen precio.,0,5,0,0,2024-01-06T03:15:41Z,8,0,0,,,
MLM1794898047,2024-01-03T22:48:43Z,Exacto lo que esta en la foto.,0,5,0,0,2023-11-27T14:42:32Z,7,0,0,,,
MLM1794898047,2023-12-13T16:44:16Z,"Me encantaron ,igual como se muestra en la imagen.",0,5,0,0,2023-11-30T20:24:23Z,9,0,0,,,
MLM1794898047,2023-12-07T23:40:11Z,Esta hermoso.,0,5,0,0,2023-11-20T21:32:30Z,2,0,0,,,
MLM1794898047,2023-11-08T18:00:19Z,Est√°n s√∫per bonitos. Recomendados.,0,5,0,0,2023-10-19T04:15:05Z,4,0,0,,,
MLM1794898047,2023-10-25T22:59:09Z,"Excelente producto, buena calidad y buen precio 10/10.",0,5,0,0,2023-10-16T21:18:33Z,9,0,0,,,
MLM1959263290,2023-06-21T04:28:04Z,Excelente producto.,0,5,0,0,2023-06-07T21:52:33Z,2,0,1,,,
MLM1959263290,2023-07-21T00:54:21Z,Hermoso!!!!!.,0,5,0,0,2023-07-06T03:36:30Z,1,0,0,,,
MLM1959263290,2023-07-05T21:35:29Z,Muy lindas.,0,5,0,0,2023-06-22T22:34:22Z,2,0,0,,,
MLM1959263290,2023-06-20T21:56:03Z,-muy bonito.,0,5,0,0,2023-06-15T00:51:24Z,2,0,0,,,
MLM1959263290,2023-06-20T18:23:08Z,Peque√±o el tama√±o pero bonito.,0,4,0,0,2023-06-19T17:51:05Z,5,0,0,,,
MLM1959263290,2023-05-28T12:33:34Z,"Aun no lo pongonpero de entrada en su bolsita se mira hermoso,.",0,5,0,0,2023-05-26T20:36:39Z,12,0,0,,,
MLM1789568121,2023-07-27T23:16:37Z,Esta s√∫per bonito tal cual como viene en la imagen.,0,5,0,0,2023-07-25T04:11:00Z,10,0,1,,,
MLM1789568121,2023-12-13T16:47:28Z,"Lo di de regalo ,y le encanto.",0,5,0,0,2023-11-30T20:24:23Z,7,0,0,,,
MLM1789568121,2023-12-04T16:53:14Z,"Buen producto, le encanto al due√±o.",0,5,0,0,2023-11-17T03:33:42Z,6,0,0,,,
MLM1789568121,2023-12-04T02:55:33Z,Excelente. Buen tama√±o y su dise√±o tal cual se ve en la foto su iluminaci√≥n al 100recomiendo 100%.,0,5,0,0,2023-11-18T15:07:17Z,18,0,0,,,
MLM1789568121,2023-11-04T19:30:40Z,Hermoso.,0,5,0,0,2023-11-02T01:00:47Z,1,0,0,,,
MLM1789568121,2023-10-09T21:58:28Z,Lo compre para regalo esta tan bonito q las luces salen sobrando. Lo volver√© a comprar para mi.,0,5,0,0,2023-10-02T23:42:10Z,18,0,0,,,
MLM1789568121,2023-08-29T15:54:37Z,"Tal cual como la foto, muy bonito.",0,5,0,0,2023-07-21T00:31:18Z,7,0,0,,,
MLM1789568121,2023-07-13T02:55:14Z,Muy bonito y econ√≥mico.,0,5,0,0,2023-07-01T17:22:04Z,4,0,0,,,
MLM1789568121,2023-07-05T03:20:48Z,Me encant√≥.,0,5,0,0,2023-05-03T23:11:21Z,2,0,0,,,
MLM1789568121,2023-06-20T03:39:53Z,Excelente me gust√≥ comprar√© otro.,0,5,0,0,2023-05-23T04:46:50Z,5,0,0,,,
MLM1789568121,2023-06-11T18:08:17Z,No es lo que esperaba un tejido hecho a mano.,0,5,0,0,2023-06-09T13:42:05Z,10,0,0,,,
MLM1789568121,2023-05-09T02:52:03Z,"Muy bonito, excelente producto.",0,5,0,0,2023-04-10T04:55:31Z,4,0,0,,,
MLM1789568121,2023-05-07T22:22:22Z,Tama√±o m√°s peque√±o a las medidas que dec√≠a en la informaci√≥n.,0,1,0,0,2023-05-02T03:13:40Z,11,0,0,,,
MLM1375977251,2022-11-04T11:16:55Z,"Est√° precioso el atrapasue√±os, muy bien tejido, colores bonitos y fuertes, me gust√≥ mucho y luce perfecto.",1,5,1,0,2022-11-02T01:14:08Z,17,0,0,,,
MLM1375977251,2022-08-04T15:05:03Z,Super bonito me encanto y la calidad es excelente.,1,5,1,0,2022-06-27T18:15:09Z,9,0,0,,,
MLM1375977251,2024-01-11T13:29:44Z,Est√° muy bonito.,0,5,0,0,2023-09-12T19:08:03Z,3,0,1,,,
MLM1375977251,2023-12-15T20:05:49Z,Hermoso y de buen tama√±o.,0,5,0,0,2022-12-30T02:27:20Z,5,0,0,,,
MLM1375977251,2023-10-01T12:01:25Z,Muy bonito! ojal√° hubiera una versi√≥n m√°s grande. Me encant√≥.,0,5,0,0,2023-09-15T21:42:20Z,10,0,0,,,
MLM1375977251,2023-09-20T16:17:43Z,Excelente dise√±o.,0,5,0,0,2023-01-31T22:34:10Z,2,0,0,,,
MLM1375977251,2023-07-26T17:46:38Z,Est√° hermoso.,0,5,0,0,2023-06-17T23:28:37Z,2,0,0,,,
MLM1375977251,2023-06-12T04:53:20Z,Est√° s√∫per lindo!.,0,5,0,0,2023-06-10T15:17:15Z,3,0,0,,,
MLM1375977251,2023-06-12T00:47:31Z,"Los colores son muy brillantes, as√≠ como en la foto.",0,5,0,0,2023-06-02T23:04:09Z,10,0,0,,,
MLM1375977251,2023-02-16T01:22:45Z,Me encanto.,0,5,0,0,2023-02-08T17:31:38Z,2,0,0,,,
MLM1375977251,2022-10-18T00:42:47Z,Muy bien trabajado. Muy bonito. Es id√©ntico al anunciado.,0,5,0,0,2022-10-16T15:16:45Z,9,0,0,,,
MLM1375977251,2022-10-14T22:26:20Z,"Muy buena calidad, colores id√©nticos y muy bien hecho.",0,5,0,0,2022-09-14T04:49:12Z,9,0,0,,,
MLM1375977251,2022-08-11T09:56:11Z,"Muy practico, y coloriso esta muy bien tejido.",0,5,0,0,2022-07-25T15:53:06Z,8,0,0,,,
MLM1491455316,2023-09-18T02:47:00Z,"¬°est√° muy bonito! el material es de buena calidad, es de buen tama√±o. Te incluye un tipo clavo para pegar en la pared y colgarlo. ¬°¬°me gust√≥ mucho!!.",1,5,1,0,2023-09-16T00:27:34Z,28,0,0,,,
MLM1491455316,2024-01-17T15:41:20Z,Dura muy poco la bater√≠a de las luces pero es muy lindo.,0,5,0,0,2023-02-09T00:26:27Z,12,0,0,,,
MLM1491455316,2024-01-11T18:26:37Z,"Fue un regalo, y s√© que le encanto.",0,5,0,0,2023-11-07T01:06:27Z,8,0,0,,,
MLM1491455316,2023-12-17T06:21:45Z,"Precioso, lo volver√≠a a comprar.",0,4,0,0,2023-03-01T20:44:47Z,5,0,0,,,
MLM1491455316,2023-12-12T08:28:41Z,Mi favoritoo.,0,5,0,0,2023-11-09T21:06:42Z,2,0,0,,,
MLM1491455316,2023-09-06T01:17:11Z,Esta super lindo!.,0,5,0,0,2023-09-04T05:48:30Z,3,0,0,,,
MLM1491455316,2023-07-23T21:19:06Z,Me pareci√≥ exelente.,0,5,0,0,2023-07-21T01:03:06Z,3,0,0,,,
MLM1491455316,2023-07-20T22:52:19Z,Mucho mejor de lo que esperaba.,0,5,0,0,2023-03-07T03:49:07Z,6,0,0,,,
MLM1491455316,2023-06-20T00:01:06Z,Muy bonito üòç.,0,5,0,0,2023-02-14T02:44:19Z,2,0,0,,,
MLM1491455316,2023-06-05T02:39:02Z,Me encanto!!( muy bonito.,0,5,0,0,2023-06-03T15:24:10Z,4,0,0,,,
MLM1491455316,2023-06-03T21:04:19Z,Peque√±o pero bonito.,0,3,0,0,2022-12-09T23:16:41Z,3,0,0,,,
MLM1491455316,2023-04-29T01:19:28Z,Super bonito!.,0,5,0,0,2023-03-28T17:02:23Z,2,0,0,,,
MLM1491455316,2023-04-09T04:40:16Z,"Es lo que esperaba, est√° hermoso!!! 10/10.",0,5,0,0,2023-04-07T21:07:22Z,8,0,0,,,
MLM1491455316,2023-04-01T02:31:39Z,La verdad me encanto mucho !! alumbra demasiado ! ideal para alguna habitacion.,0,5,0,0,2023-03-24T06:02:20Z,11,0,0,,,
MLM1491455316,2023-03-24T02:10:03Z,"Muy buen producto. Excelente calidad y dise√±o hermoso, bonito acabado y buen material.",0,5,0,0,2023-03-16T01:53:47Z,13,0,0,,,
MLM1491455316,2023-01-30T16:30:16Z,Muy bonito.,0,5,0,0,2023-01-25T20:22:39Z,2,0,0,,,
MLM1481319997,2023-02-13T08:42:36Z,"Hernosisisisisimo, a mi hoja le encant√≥!.",1,5,1,0,2022-11-25T21:28:29Z,6,0,0,,,
MLM1481319997,2023-02-01T03:03:22Z,"Muy lindo, excelente elaboraci√≥n, iluminaci√≥n precisa, muy buena combinaci√≥n de colores. Excelente tama√±o.",1,5,1,0,2023-01-17T00:31:30Z,13,0,0,,,
MLM1481319997,2024-01-01T23:36:38Z,"Est√° bonito, a mi hijs le encant√≥:).",0,5,0,0,2023-12-06T00:18:19Z,7,0,0,,,
MLM1481319997,2023-12-17T06:20:44Z,"Esta bonito, pero el tama√±o deja mucho que desear.",0,2,0,0,2023-03-01T20:44:47Z,9,0,0,,,
MLM1481319997,2023-10-19T15:57:15Z,Es lindo! fue tagalo para mi hija y le encant√≥.,0,5,0,0,2023-10-11T02:56:12Z,10,0,0,,,
MLM1481319997,2023-08-08T16:50:44Z,"La pila le dur√≥ un d√≠a solamente, pero es muy bonito.",0,4,0,0,2023-05-20T19:03:30Z,11,0,0,,,
MLM1481319997,2023-06-01T12:50:19Z,"Est√° muy lindo igual que en la imagen, buena calidad y dise√±o.",0,5,0,0,2023-05-25T14:03:30Z,12,0,0,,,
MLM1481319997,2023-05-22T21:58:43Z,"Muy buen producto, me gusto.",0,5,0,0,2023-05-06T21:38:05Z,5,0,0,,,
MLM1481319997,2023-05-21T08:09:41Z,Solo prendi√≥ dos veces y ya no enciende la luz.,0,1,0,0,2023-05-14T08:32:57Z,10,0,0,,,
MLM1481319997,2023-04-25T05:35:29Z,"Muy bonito, me gusto mucho.",0,5,0,0,2023-04-15T05:29:14Z,5,0,0,,,
MLM1481319997,2023-02-21T18:29:52Z,"Me gust√≥ mucho, est√° peque√±o pero es muy bonito y tierno realmente me gust√≥!.",0,5,0,0,2023-02-08T00:05:52Z,14,0,0,,,
MLM1481319997,2023-02-17T03:34:52Z,"Esta hermoso, muy bonito. Buenos acabados, luce lindo con su luz. Buena relacion calidad-precio.",0,5,0,0,2023-01-29T03:05:31Z,15,0,0,,,
MLM1381926453,2024-01-15T22:25:49Z,Prrrfect.,1,5,1,0,2024-01-03T08:48:46Z,1,0,1,,,
MLM1381926453,2024-01-19T02:42:37Z,Divinooo!!!! igual a la foto! s√∫per lindo.,0,5,0,0,2024-01-18T12:43:03Z,7,0,2,,,
MLM1381926453,2024-01-15T05:59:55Z,Hermoso.,0,5,0,0,2023-12-27T16:03:51Z,1,0,1,,,
MLM1381926453,2024-01-11T20:27:11Z,Est√° hermoso me encanta.,0,5,0,0,2023-09-24T00:37:05Z,4,0,0,,,
MLM1381926453,2023-12-23T20:37:28Z,Muy lindo y de buen tama√±o.,0,5,0,0,2023-12-06T20:54:28Z,6,0,0,,,
MLM1381926453,2023-11-22T19:16:25Z,"No es de buena calidad. Las luces led se descompusieron a los 3 d√≠as. Pensaba que eran las pilas pero no, compr√© nuevas y no funcionan.",0,3,0,0,2023-10-24T03:25:48Z,26,0,0,,,
MLM1381926453,2023-11-13T20:09:59Z,"Viene un poco desarmado, una tira de piedras y plumas que debe colgar, viene suelta y la argolla abierta, las luces igual vienen safadas, aunque nada que no se pueda ajustar.",0,3,0,0,2023-11-11T01:29:06Z,31,0,0,,,
MLM1381926453,2023-03-20T01:06:27Z,"Me encant√≥ ü•∞.
Tal cual como en la foto üôè‚ù§Ô∏è.",0,5,0,0,2023-03-10T07:16:13Z,8,0,0,,,
MLM1381926453,2023-03-03T04:59:53Z,Esta s√∫per hermoso.,0,5,0,0,2023-02-04T18:41:40Z,3,0,0,,,
MLM1381926453,2023-02-02T23:21:02Z,"Muy bonito el dise√±o pero el √∫nico inconveniente, es que la luz no dur√≥ m√°s que una sola noche y despu√©s se apag√≥.",0,4,0,0,2023-01-17T18:36:17Z,23,0,0,,,
MLM1381926453,2023-01-20T04:54:00Z,"Precioso!!! lego r√°pido y es m√°gico y lindo!!! me.
Encanta.",0,5,0,0,2023-01-17T16:25:28Z,10,0,0,,,
MLM1381926453,2023-01-08T08:03:54Z,Lo que le sigue de bonito!!!.,0,5,0,0,2022-12-11T01:47:36Z,6,0,0,,,
MLM1381926453,2022-09-16T01:35:51Z,Me encant√≥ era lo que faltaba en mi recamara !!.,0,5,0,0,2022-08-30T05:10:53Z,9,0,0,,,
MLM1381926453,2022-05-20T14:22:08Z,"Muy bonito, lo justo por el precio.",0,5,0,0,2022-05-05T05:19:40Z,7,0,0,,,
MLM2334721690,2024-01-11T05:38:03Z,Se ve incre√≠ble y aparte trae luz.,0,5,0,0,2024-01-09T19:04:50Z,7,0,1,,,
MLM2334721690,2023-12-15T03:33:33Z,Lo ame.,0,5,0,0,2023-12-13T21:08:59Z,2,0,0,,,
MLM1481404116,2023-09-26T12:46:05Z,"Me encant√≥, se ve hermoso!.",1,5,1,0,2023-09-24T17:37:06Z,5,0,1,,,
MLM1481404116,2023-05-03T23:21:25Z,"Ya se apagaron las luces, tendr√≠a q comprar otras pilas, pero m gust√≥ su liz xq es tono fr√≠o. El atrapasue√±os es lindo.",1,5,1,0,2023-03-23T14:20:50Z,23,0,1,,,
MLM1481404116,2024-01-01T23:36:15Z,Est√° lindo:).,0,5,0,0,2023-12-06T00:18:19Z,2,0,0,,,
MLM1481404116,2023-08-20T00:09:19Z,Muy bien si me gustaron.,0,5,0,0,2023-08-18T18:29:46Z,5,0,0,,,
MLM1481404116,2023-06-30T20:25:19Z,Nunca prendi√≥.,0,2,0,0,2022-12-20T18:34:51Z,2,0,0,,,
MLM1481404116,2023-06-02T16:40:03Z,Me encant√≥ excelente!!.,0,5,0,0,2023-04-04T00:45:00Z,3,0,0,,,
MLM1481404116,2023-05-19T04:37:14Z,Se ve muy lindo ya en f√≠sico.,0,5,0,0,2023-04-28T00:30:44Z,7,0,0,,,
MLM1481404116,2023-04-24T21:27:52Z,"Precioso, fu√© un regalo y la persona le encant√≥.",0,5,0,0,2023-03-27T19:31:22Z,9,0,0,,,
MLM1481404116,2023-02-19T18:32:04Z,Esta hermosoo!!!!.,0,5,0,0,2023-02-07T04:41:46Z,2,0,0,,,
MLM1876998995,2024-01-04T15:22:41Z,Est√° hermoso bien hecho y s√∫per bonito me encanto mi compra ideal para poner en una habitaci√≥n o sala de estar.,0,5,0,0,2024-01-01T13:58:06Z,21,20,1,,,
MLM1876998995,2023-12-09T23:26:58Z,"Excelente regalo para mi amiga, se los di el d√≠a de su cumplea√±os üéÇ y le encant√≥. Todo es artesanal, ideal para la decoraci√≥n de su cuarto.",0,5,0,0,2023-11-27T15:55:33Z,26,0,0,,,
MLM1876998995,2023-11-25T01:12:34Z,"Tal cual la imagen, los ame.",0,5,0,0,2023-11-24T00:58:11Z,6,0,0,,,
MLM1876998995,2023-10-28T14:02:32Z,Muy hermosos los recomiendo.,0,5,0,0,2023-06-27T00:49:34Z,4,0,0,,,
MLM1876998995,2023-10-27T11:20:18Z,Muy bonitos y de buena calidad.,0,5,0,0,2023-10-17T00:26:32Z,6,0,0,,,
MLM1876998995,2023-10-10T18:26:09Z,Es muy bonito lo √∫nico que no me gust√≥ es qie las luces tienen que estar conectadas a la corriente. Yo le puse inal√°mbricas y quedan super bien.,0,5,0,0,2023-09-26T10:12:58Z,28,0,0,,,
MLM1876998995,2023-10-09T16:04:00Z,"Id√©nticos a la imagen, s√∫per lindos, el tama√±o est√° bien me gustaronnmucho.",0,5,0,0,2023-09-30T18:42:23Z,12,0,0,,,
MLM1876998995,2023-09-24T18:08:20Z,Est√°n hermosos la vdd superaron mis expectativas. !! sin dudar los volver√≠a a comprar.,0,5,0,0,2023-09-23T05:58:56Z,13,0,0,,,
MLM1876998995,2023-07-06T02:27:46Z,Hermoso producto; muy bello tejido y materiales. El detalle en metal es un plus. Pronto volver√© a comprar m√°s productos.,0,5,0,0,2023-07-02T22:24:25Z,20,0,0,,,
MLM1876998995,2023-07-01T13:54:44Z,"Es muy peque√±o, pero por el precio esta bien.",0,3,0,0,2023-06-16T17:50:07Z,9,0,0,,,
MLM1876998995,2023-06-30T00:01:03Z,Excelente.,0,5,0,0,2023-06-16T02:37:11Z,1,0,0,,,
MLM1481404201,2023-08-10T13:28:44Z,"Me encanta como se ve, la mezcla de colores en muy agradable, es el detalle perfecto para un auto.",0,5,0,0,2023-01-05T04:46:43Z,19,0,1,,,
MLM1481404201,2023-07-12T00:11:23Z,Excelente dise√±o.,0,5,0,0,2023-07-03T14:50:10Z,2,0,1,,,
MLM1481404201,2023-07-10T05:12:45Z,Hermoso üôåüèº.,0,5,0,0,2023-07-08T09:24:11Z,1,0,1,,,
MLM1481404201,2023-07-04T03:57:16Z,"Est√° muy hermoso, la calidad se ve excelente, me gust√≥ mucho, lo dar√© como regal√≥ pero sin duda me comprar√≠a uno para mi.",0,5,0,0,2023-07-02T06:15:59Z,23,0,1,,,
MLM1481404201,2023-04-16T07:05:19Z,Esta hermoso.,0,5,0,0,2023-03-28T23:43:51Z,2,0,1,,,
MLM1481404201,2023-12-08T15:41:55Z,Excelente.,0,5,0,0,2023-05-16T04:12:02Z,1,0,0,,,
MLM1481404201,2023-11-13T17:03:04Z,Muy bonito.,0,5,0,0,2023-10-28T00:52:29Z,2,0,0,,,
MLM1481404201,2023-09-15T01:45:59Z,Me encanto lo recomiendo es tal cual. La. Imagen y colores!! el tama√±o es perfecro si lo volveria acomprar.,0,5,0,0,2023-04-21T21:25:23Z,19,0,0,,,
MLM1481404201,2023-08-17T14:08:31Z,Esta precioso viene de muy buen tama√±o 100% recomendado.,0,5,0,0,2023-07-17T18:24:03Z,9,0,0,,,
MLM1481404201,2023-08-16T04:22:45Z,Bonito y de buen material.,0,5,0,0,2023-07-23T19:47:15Z,5,0,0,,,
MLM1481404201,2023-08-13T15:51:49Z,Esta hermoso es tal y como est√° la imagen.,0,5,0,0,2023-06-22T20:11:48Z,9,0,0,,,
MLM1481404201,2023-08-09T22:25:36Z,El dise√±o supero mis expectativas esta realmente hermoso.,0,5,0,0,2023-07-17T18:16:40Z,8,0,0,,,
MLM1481404201,2023-08-09T01:52:00Z,Muy bonito.,0,5,0,0,2023-08-02T21:29:54Z,2,0,0,,,
MLM1481404201,2023-07-12T00:16:26Z,Bonito accesorio para decorar.,0,5,0,0,2023-03-07T18:23:43Z,4,0,0,,,
MLM1481404201,2023-07-09T23:37:58Z,Muy bonito y en perfectas condiciones.,0,5,0,0,2023-07-05T15:38:25Z,6,0,0,,,
MLM1481404201,2023-06-27T18:11:02Z,"Hermoso se ve mejor en persona, c√≥mprenlo ü©∑.",0,5,0,0,2023-06-24T20:05:22Z,7,0,0,,,
MLM1481404201,2023-06-25T14:14:00Z,"Muy bonita y de excelente calidad, me encanto.",0,5,0,0,2023-01-11T21:43:11Z,8,0,0,,,
MLM1481404201,2023-06-20T15:54:55Z,Muy bonito.,0,5,0,0,2023-06-05T05:39:30Z,2,0,0,,,
MLM1481404201,2023-06-18T00:03:36Z,"Es m√°s hermoso en persona, lo regale a una ni√±a muy especial y me dijo que las plumas cuando tocan su mano siente que la cuido, si quieren quedar bien con alguien es un detalle muy tierno.",0,5,0,0,2023-06-10T17:30:06Z,37,0,0,,,
MLM1481404201,2023-06-16T20:16:44Z,"Excelente calidad del producto, el dise√±o 10/10 los colores son intensos no vienen p√°lidos, buen tama√±o para portarlo en moto o auto, va expuesto al sol y no cambia su tono, tiene ya d√≠as de portarlo a la persona que se lo regale y sigue igual al mismo d√≠a que lo compre, es muy llamativo y radiante.",0,5,0,0,2023-06-10T19:52:03Z,58,0,0,,,
MLM1481404201,2023-06-11T02:48:34Z,"Hermoso no se le ah bajado el color y eso que ami carro le da el sol directo casi adiario, me encanta üòç.",0,5,0,0,2023-02-28T23:18:06Z,22,0,0,,,
MLM1481404201,2023-06-07T04:40:09Z,Excelente calidad y muy lindo y vistoso.,0,5,0,0,2023-06-01T03:52:11Z,7,0,0,,,
MLM1481404201,2023-06-06T00:28:31Z,Se ve muy bien en mi carro.,0,5,0,0,2023-05-30T18:40:01Z,7,0,0,,,
MLM1481404201,2023-05-18T19:51:58Z,Me gust√≥ mucho.,0,5,0,0,2023-05-16T01:09:56Z,3,0,0,,,
MLM1481404201,2023-05-18T04:57:38Z,"Es bastante atractivo, a la persona que se lo regal√©, le encant√≥. Apenas la va a probar, pero estar√© al pendiente.",0,5,0,0,2023-05-16T19:07:22Z,21,0,0,,,
MLM1481404201,2023-05-02T22:56:03Z,"Exelente, justo lo que esperaba.",0,5,0,0,2023-04-26T04:18:54Z,5,0,0,,,
MLM1481404201,2023-03-19T05:10:27Z,"Muy bonito, me gust√≥.",0,5,0,0,2022-12-31T16:34:52Z,4,0,0,,,
MLM1481404201,2023-03-03T00:48:00Z,Excelente detalle.,0,5,0,0,2023-02-08T01:43:39Z,2,0,0,,,
MLM1481404201,2023-02-26T04:02:39Z,Muy bonito y de buen tama√±o.,0,5,0,0,2023-02-08T01:50:57Z,6,0,0,,,
MLM1481404201,2023-02-15T15:59:25Z,Bonito.,0,5,0,0,2023-02-07T22:12:12Z,1,0,0,,,
MLM1481404201,2023-02-14T15:07:15Z,Muy bonito y hermoso trabajo.,0,5,0,0,2023-02-02T05:33:34Z,5,0,0,,,
MLM1481404201,2023-01-24T23:40:04Z,Hermoso tal cual üòç.,0,5,0,0,2022-12-31T23:37:22Z,3,0,0,,,
MLM1481404201,2022-12-23T08:11:40Z,"Esta precioso, muy exquisito en sus detalles y acabado, conoce varios para regalar y les ha encantado a mis amistades.",0,5,0,0,2022-12-07T02:14:12Z,20,0,0,,,
MLM1382243010,2023-10-08T18:04:58Z,Est√° hermoso no me arrepiento de nada.,0,5,0,0,2023-10-03T07:24:17Z,7,0,1,,,
MLM1382243010,2023-06-06T05:11:47Z,"Esta s√∫per bonito, me sorprend√≠ al verlo me encanto demasiado.
Hasta tiene como un bot√≥n pra encender la luz y no se nota.
Me encanto.",0,5,0,0,2023-06-05T14:49:06Z,25,0,1,,,
MLM1382243010,2024-01-10T20:30:22Z,Hermoso ü§©.,0,5,0,0,2024-01-09T12:22:06Z,1,0,0,,,
MLM1382243010,2023-12-12T16:09:12Z,Esta muy bonito.,0,5,0,0,2023-11-22T15:34:38Z,3,0,0,,,
MLM1382243010,2023-11-04T04:24:28Z,Muy bonito ü§ó.,0,5,0,0,2023-10-18T17:46:33Z,2,0,0,,,
MLM1382243010,2023-11-03T14:15:50Z,Es muy bonito no tengo fotos porque lo regale lo volver√≠a a comprar.,0,5,0,0,2023-11-01T02:33:56Z,13,0,0,,,
MLM1382243010,2023-10-31T15:04:03Z,"Me encant√≥,es de muy buen material.",0,5,0,0,2023-10-19T01:03:52Z,7,0,0,,,
MLM1382243010,2023-03-01T19:03:49Z,"Le encant√≥ a mi esposa, excelente material dise√±o, sobre todo las luces led le agregan un toque de armon√≠a en todo su esplendor!.",0,5,0,0,2023-02-13T16:51:50Z,23,0,0,,,
MLM1382243010,2023-02-23T05:50:40Z,Excelente muy bonito la luz le da un toque especial.,0,5,0,0,2023-02-15T12:30:38Z,10,0,0,,,
MLM1382243010,2023-02-22T19:30:27Z,"Excelente calidas, es hermoso. Volver√≠a a comprar m√°s sin dudarlo. !! ü•∞.",0,5,0,0,2023-02-04T15:32:07Z,10,0,0,,,
MLM1382243010,2023-01-31T03:00:09Z,"Yo era eseptico de estas cosas pero desde que lo tengo duermo muy agusto, y es de buen material y est√°n bonitos y baratos.",0,5,0,0,2023-01-24T07:57:51Z,24,0,0,,,
MLM1382243010,2022-11-23T02:53:38Z,Muy lindo!!!.,0,5,0,0,2022-11-18T02:21:47Z,2,0,0,,,
MLM1382243010,2022-09-20T01:51:54Z,Esta hermoso y las luces lo hacen ver a√∫n m√°s bonito. Bien hechecito y funcional. Me gust√≥ mucho.,0,5,0,0,2022-09-04T08:38:49Z,18,0,0,,,
MLM1382243010,2022-08-08T21:58:23Z,Muy bonito buen tama√±o y de buena calidad me gusto mucho.,0,5,0,0,2022-06-27T18:15:09Z,11,0,0,,,
MLM2216508744,2023-11-08T22:06:15Z,Mejor de lo que esperaba.,0,5,0,0,2023-11-08T03:00:23Z,5,0,0,,,
MLM1362379170,2022-10-19T23:09:05Z,"Hermoso, demasiado hermoso, el √∫nico detalle ser√≠a que reemplazaran por bater√≠as o usb, las pilas de reloj est√°n obsoletas, de all√≠ en fuera, es bastante perfecto.",1,5,1,0,2022-10-16T20:28:52Z,26,0,0,,,
MLM1362379170,2022-07-28T19:12:40Z,Bueno a buen precio a mi ni√±a le gust√≥ mucho.,1,5,1,0,2022-06-26T02:46:39Z,10,0,0,,,
MLM1362379170,2024-01-08T01:40:57Z,Es m√°s peque√±o de lo que esperaba pero esta lindo.,0,4,0,0,2023-12-06T23:43:13Z,10,0,0,,,
MLM1362379170,2023-09-02T00:07:15Z,Fue un regalo.,0,5,0,0,2023-01-23T00:40:56Z,3,0,0,,,
MLM1362379170,2023-02-27T21:47:50Z,Luce m√°s peque√±o de lo que aparenta en las im√°genes.,0,2,0,0,2023-02-21T18:20:57Z,10,0,0,,,
MLM1362379170,2023-01-19T21:06:48Z,Excelente.,0,5,0,0,2023-01-03T03:35:31Z,1,0,0,,,
MLM1362379170,2023-01-18T21:57:53Z,De mala calidad. Se agot√≥ la pila muy r√°pido. Solo dur√≥ para 10 d√≠as.,0,3,0,0,2022-12-30T04:47:22Z,14,0,0,,,
MLM1362379170,2022-12-28T19:47:04Z,Hermoso lo recomiendo mucho los colores y el material est√° bonito.,0,5,0,0,2022-12-18T21:30:17Z,11,0,0,,,
MLM1362379170,2022-12-02T03:04:54Z,Muy bonito. Totalmente diferente en cuanto a dise√±o adem√°s que incluye una luz tenue que no incomoda. Satisfecha con el producto.,0,5,0,0,2022-11-15T19:33:20Z,21,0,0,,,
MLM1384934170,2023-07-02T19:17:08Z,Bien pens√© q era un poco m√°s grande.,1,4,1,0,2023-06-23T07:14:37Z,8,0,1,,,
MLM1384934170,2023-05-22T04:50:25Z,Hermoso üòç.,1,5,1,0,2023-05-01T00:20:43Z,1,0,1,,,
MLM1384934170,2023-05-03T23:27:03Z,Muy bonito y todo ojal√° haya m√°s variedades d colores.,1,5,1,0,2023-03-23T14:20:50Z,10,0,1,,,
MLM1384934170,2023-12-03T04:10:16Z,Las luces la verdad no duran pero el atrapasue√±os es muy bonito.,0,4,0,0,2022-08-30T14:19:41Z,12,0,0,,,
MLM1384934170,2023-09-22T18:46:04Z,Muy lindo.,0,5,0,0,2022-07-01T22:11:47Z,2,0,0,,,
MLM1384934170,2023-09-01T00:48:33Z,Es genia a mi pap√° le encant√≥ desde la primera noche en su cuarto xd.,0,5,0,0,2023-08-20T21:49:53Z,15,0,0,,,
MLM1384934170,2023-08-09T01:51:17Z,Me encanto.,0,5,0,0,2023-08-02T21:29:56Z,2,0,0,,,
MLM1384934170,2023-08-05T23:28:36Z,Muy bonito gracias.,0,5,0,0,2023-06-20T22:23:43Z,3,0,0,,,
MLM1384934170,2023-07-17T12:50:53Z,Hermoso. Muy buen producto. Mu gusto mucho.,0,5,0,0,2023-02-04T15:32:41Z,7,0,0,,,
MLM1384934170,2023-06-15T17:09:07Z,"Fue para un regalo, a mi amiga le encanto, ya trae pilas que es plus y se ve muy lindo.",0,5,0,0,2023-06-12T21:47:25Z,20,0,0,,,
MLM1384934170,2023-05-14T20:44:42Z,"Es igualito a la foto!.
Muy bonito!.",0,5,0,0,2023-05-07T19:30:33Z,7,0,0,,,
MLM1384934170,2023-05-10T02:00:10Z,El atrapasue√±os el tama√±o es perfecto y est√° divino igualito ala imagen üòä.,0,5,0,0,2023-04-21T18:19:04Z,12,0,0,,,
MLM1384934170,2023-05-07T21:07:43Z,Se ve muy bonito y los colores me gustaron mucho. Se ve muyy bien de noche.,0,5,0,0,2023-05-05T01:39:15Z,16,0,0,,,
MLM1384934170,2023-04-03T19:21:57Z,"Muy bonito, excelente.",0,5,0,0,2023-03-27T19:53:05Z,3,0,0,,,
MLM1384934170,2023-02-10T05:17:49Z,Hermoso adorno artesanal bien elaborado.,0,5,0,0,2023-01-18T00:03:31Z,5,0,0,,,
MLM1384934170,2023-01-18T21:25:33Z,Esta muy bien hecho y muy bonito muy recomendable.,0,5,0,0,2022-12-31T04:00:33Z,9,0,0,,,
MLM1384934170,2022-12-12T01:02:54Z,Muy poco dura la pila y las luces.,0,4,0,0,2022-11-25T05:04:13Z,8,0,0,,,
MLM1384934170,2022-11-19T22:38:48Z,"Parecen ser mas grandes, pero realmente son muy peque√±os.",0,3,0,0,2022-10-15T01:18:31Z,9,0,0,,,
MLM1384934170,2022-09-20T23:50:52Z,Espectacular me encanto los colores muy vivos y en la noche se ve divino.,0,5,0,0,2022-09-06T01:56:25Z,14,0,0,,,
MLM1384934170,2022-09-05T20:17:10Z,"Excelente me encantaron tal como se ve en las fotos.
Lo volver√≠a a comprar.",0,5,0,0,2022-08-19T01:53:19Z,14,0,0,,,
MLM1822165394,2023-11-20T00:11:44Z,Pr√°ctico para un buen regalo.,0,5,0,0,2023-07-29T20:06:19Z,5,0,0,,,
MLM2254526798,2023-11-09T20:11:18Z,Me gust√≥ fue para un regalo biker es buen tama√±o.,0,5,0,0,2023-11-07T01:43:53Z,10,0,0,,,
MLM2254526798,2023-11-07T20:55:13Z,Bonito tal como lo esperaba :).,0,5,0,0,2023-11-06T22:30:29Z,5,0,0,,,
MLM2254526798,2023-10-25T14:16:32Z,"Muy lindo y de buen tama√±o pens√© que era caf√© por la imagen, pero le da m√°s aun tono rosa.",0,5,0,0,2023-10-18T16:03:43Z,20,0,0,,,
MLM2254526798,2023-09-20T03:24:16Z,Muy lindo y peque√±o.,0,5,0,0,2023-08-16T16:53:33Z,4,0,0,,,
MLM2254526798,2023-07-19T02:18:02Z,Hermoso.,0,5,0,0,2023-07-10T05:08:24Z,1,0,0,,,
MLM881807595,2023-03-10T05:10:17Z,Bello aunque lo esperaba mas grande pero aun en su tama√±o me encanto.,1,5,1,0,2023-03-03T20:47:25Z,13,0,0,,,
MLM881807595,2023-03-10T01:36:29Z,Muy lindos y agradables. Me encantaron.,1,5,1,0,2023-03-02T23:42:11Z,6,0,0,,,
MLM881807595,2023-02-13T17:14:20Z,Sup√©r lindo.,1,5,1,0,2023-01-24T16:46:49Z,2,0,0,,,
MLM881807595,2023-01-31T22:10:37Z,"Muy hermoso y m√°s de noche con sus luces me encant√≥ ojala hubiera m√°s grandes, pero este esta hermoso 100 por ciento recomendables.",1,5,1,0,2023-01-06T15:20:13Z,23,10,0,,,
MLM881807595,2023-01-31T01:17:28Z,"Bell√≠simo atrapa sue√±os, lo compr√© para regalarlo y mis hermanas quedaron encantadas!! voy a pedir otro m√°s para mi.",1,5,1,0,2023-01-30T14:04:55Z,19,0,0,,,
MLM881807595,2023-01-07T02:48:14Z,Est√° hermoso y lo que le sigue!! las luces funcionaron a la perfecci√≥n y hace que de noche se vea wow! fue un regalo pero en definitiva comprar√© uno para mi.,1,5,1,0,2022-12-08T20:02:11Z,31,0,0,,,
MLM881807595,2022-09-26T22:03:32Z,"Est√° s√∫per lindo!!, tal cu√°l c√≥mo en la foto c√≥mo recomendaci√≥n compren m√°s bater√≠as porque duran muy poco las que trae puestas.",1,5,1,0,2022-09-10T20:30:51Z,22,0,0,,,
MLM881807595,2022-04-30T13:50:43Z,"Muy bonito, se ve padre, el √∫nico detalle que r√°pido se le acaba las bater√≠as de las lucecita.",1,4,1,0,2022-04-14T19:07:49Z,18,0,0,,,
MLM881807595,2023-12-21T20:07:04Z,"Es hermoso y de buen tama√±o, las luces led alusan muy bonito.",0,5,0,0,2023-12-18T13:46:16Z,12,0,1,,,
MLM881807595,2023-10-03T09:02:31Z,Muy bonito excelente producto.,0,5,0,0,2023-04-21T23:29:42Z,4,0,1,,,
MLM881807595,2023-07-03T00:54:04Z,"Muy bonito, buen tama√±o, materiales corresponden a la imagen, pero dura muy poco encendido.",0,4,0,0,2023-04-10T20:25:23Z,14,0,1,,,
MLM881807595,2023-04-26T03:17:00Z,"Precioso, me encant√≥.",0,5,0,0,2023-04-19T01:11:04Z,3,0,1,,,
MLM881807595,2024-01-15T07:03:40Z,ùôÉùôöùôßùô¢ùô§ùô®ùô§ ùôñùô©ùôßùôñùô®ùô™ùôöùô£ùô§ùô®.,0,4,0,0,2022-03-31T22:55:36Z,2,0,0,,,
MLM881807595,2024-01-12T06:38:53Z,"Aaay s√∫per bonito, bello! excelente decoraci√≥n y su luz tenue te permite dormir sin problema.",0,5,0,0,2024-01-04T06:12:15Z,15,0,0,,,
MLM881807595,2024-01-09T00:30:09Z,Mui bien excelente productos.,0,5,0,0,2024-01-07T19:17:14Z,4,0,0,,,
MLM881807595,2023-12-07T02:20:07Z,"Muy bonito, pero la bater√≠a no dura.",0,5,0,0,2023-03-19T00:16:21Z,7,0,0,,,
MLM881807595,2023-11-26T15:35:58Z,Se cuelga bien esta muy bonita y decora bien.,0,5,0,0,2023-03-28T05:22:34Z,9,0,0,,,
MLM881807595,2023-11-24T17:38:55Z,Divino es muy hermoso.,0,5,0,0,2023-11-16T23:33:31Z,4,0,0,,,
MLM881807595,2023-09-10T15:11:40Z,Me encantooooo.,0,5,0,0,2023-02-07T22:51:26Z,2,0,0,,,
MLM881807595,2023-08-13T00:43:23Z,Est√° muy chiquito y se le acab√≥ la pila muy r√°pido.,0,5,0,0,2022-05-23T18:07:55Z,11,0,0,,,
MLM881807595,2023-08-11T16:55:32Z,Muy lindo.,0,5,0,0,2021-11-09T12:15:15Z,2,0,0,,,
MLM881807595,2023-07-31T07:57:49Z,Hermoso compr√© dos y volver√≠a a comprar m√°s lucen muy bien. Colores tiernos.,0,5,0,0,2022-05-08T04:21:55Z,13,0,0,,,
MLM881807595,2023-07-29T15:12:37Z,Excelente ü§ôüèªü§ôüèªü§ôüèªü§ôüèª.,0,5,0,0,2023-02-09T14:38:40Z,1,0,0,,,
MLM881807595,2023-07-02T06:26:53Z,Muy lindo.,0,5,0,0,2023-01-07T20:00:57Z,2,0,0,,,
MLM881807595,2023-06-29T21:32:48Z,A mi hija le encant√≥.,0,5,0,0,2023-01-04T03:33:48Z,5,0,0,,,
MLM881807595,2023-06-21T13:27:42Z,Muy bonito el tama√±o esta super bien se los recomiendo 100%.,0,5,0,0,2023-05-20T04:14:20Z,11,0,0,,,
MLM881807595,2023-06-18T18:49:34Z,Le doy un üíØ es hermoso lindo üòç la verdad si lo recomiendo mil.,0,5,0,0,2023-06-15T02:45:00Z,12,0,0,,,
MLM881807595,2023-06-17T16:00:19Z,Es bonito.,0,4,0,0,2023-06-03T04:26:32Z,2,0,0,,,
MLM881807595,2023-06-13T03:06:50Z,"Muy bonitos colores, material se ve bien y resistente adem√°s de que las luces le dan un toque muy bonito. Sin duda lo recomiendo.",0,5,0,0,2023-06-10T21:51:48Z,24,0,0,,,
MLM881807595,2023-06-10T12:12:30Z,"Materiales super bien, hacen que luzca tu lugar, lo recomiendo.",0,5,0,0,2023-05-20T23:31:18Z,10,0,0,,,
MLM881807595,2023-06-09T20:03:39Z,"Est√° muy lindo, lo ped√≠ por los colores y realmente vienen tal cual a la imagen. Es un regalo para mi nena y se que le va a encantar!.",0,5,0,0,2023-06-07T21:55:32Z,29,0,0,,,
MLM881807595,2023-06-07T17:34:37Z,"Super lindo, fue un regalo y les encanto.",0,5,0,0,2023-03-03T03:57:28Z,8,0,0,,,
MLM881807595,2023-06-03T05:50:06Z,Muy bonito.,0,5,0,0,2023-04-04T17:45:35Z,2,0,0,,,
MLM881807595,2023-06-02T19:33:17Z,Se ven muy bonitos ya puestos.,0,5,0,0,2022-05-31T02:16:26Z,6,0,0,,,
MLM881807595,2023-05-31T21:12:05Z,"Esta hermoso, le da un toque femenino y tranquilo.",0,5,0,0,2023-01-30T10:33:19Z,9,0,0,,,
MLM881807595,2023-05-25T00:47:14Z,Me encato.,0,5,0,0,2023-05-18T23:03:53Z,2,0,0,,,
MLM881807595,2023-05-17T01:34:09Z,"Excelente, me permiti√≥ adem√°s complementarlos con un dise√±o √∫nico para regalo. Gracias.",0,5,0,0,2023-05-08T18:23:37Z,12,0,0,,,
MLM881807595,2023-05-13T10:07:32Z,Se ven super padres!.,0,5,0,0,2023-04-15T10:14:24Z,4,0,0,,,
MLM881807595,2023-05-11T21:09:17Z,"Precioso el atrapasue√±os, lo √∫nico malo es que la bater√≠a solo dur√≥ una noche.",0,5,0,0,2022-06-14T21:00:29Z,14,0,0,,,
MLM881807595,2023-05-10T11:23:21Z,Es m√°s de lo que yo esperaba.,0,5,0,0,2023-04-03T22:58:02Z,7,0,0,,,
MLM881807595,2023-03-24T17:52:58Z,Excelente tal cual.,0,5,0,0,2022-12-26T23:28:59Z,3,0,0,,,
MLM881807595,2023-03-22T01:07:45Z,Muy parecido a la imagen.,0,5,0,0,2023-03-15T03:56:47Z,5,0,0,,,
MLM881807595,2023-02-16T00:35:11Z,Me lo imagin√© un poco m√°s grande pero est√° padre.,0,4,0,0,2023-02-09T20:43:04Z,10,0,0,,,
MLM881807595,2023-02-12T02:39:24Z,Excelente producto.,0,5,0,0,2023-01-13T13:30:18Z,2,0,0,,,
MLM881807595,2023-02-11T19:06:37Z,Muy bonito me encant√≥.,0,5,0,0,2023-02-04T15:32:41Z,4,0,0,,,
MLM881807595,2023-02-09T20:49:12Z,Muy buena decoracion.,0,5,0,0,2022-10-28T23:27:39Z,3,0,0,,,
MLM881807595,2023-02-08T16:51:05Z,"Bonito, tal. Com9 en la foto, nos encant√≥.",0,5,0,0,2022-12-31T07:37:41Z,8,0,0,,,
MLM881807595,2023-02-07T19:59:27Z,Tal cual como viene en la foto.,0,5,0,0,2023-01-06T19:58:57Z,7,0,0,,,
MLM881807595,2023-02-07T00:19:41Z,Lindo.,0,5,0,0,2023-01-21T05:48:10Z,1,0,0,,,
MLM881807595,2023-01-22T18:11:16Z,Muy bonito.,0,5,0,0,2022-12-27T16:00:36Z,2,0,0,,,
MLM881807595,2023-01-17T04:56:12Z,"Muy lindo los colores y el tama√±o, fue para un regalo y verlo fue una grata sorpresa y m√°s ver que prende, es una buena compra en relaci√≥n al precio.",0,5,0,0,2022-12-06T23:51:18Z,30,20,0,,,
MLM881807595,2023-01-02T01:49:28Z,Muy bonito y de excelente calidad.,0,5,0,0,2022-12-30T19:01:42Z,6,0,0,,,
MLM881807595,2022-12-18T06:33:46Z,Exelente calidad esta hermoso.,0,5,0,0,2022-11-29T03:12:35Z,4,0,0,,,
MLM881807595,2022-12-17T17:24:38Z,"Me encant√≥ es delicado, lindo, se ve precioso.",0,5,0,0,2022-12-01T19:06:34Z,8,0,0,,,
MLM881807595,2022-12-08T02:28:20Z,"Excelente producto, el precio justo para el atrapa sue√±os, se ve exactamente como en las im√°genes, muy colorido y las luces funcionan bien.",0,5,0,0,2022-12-07T16:17:43Z,23,0,0,,,
MLM881807595,2022-11-22T00:26:08Z,Esta hermoso y se ve incre√≠ble con las luces.,0,5,0,0,2022-10-23T16:58:08Z,9,0,0,,,
MLM881807595,2022-09-01T20:52:10Z,Muy bonito y en muy buen estado me encant√≥.,0,5,0,0,2022-09-01T02:01:18Z,9,0,0,,,
MLM881807595,2022-08-17T16:49:39Z,"Esta muy bien, tal y como se muestra en la imagen.",0,5,0,0,2022-08-15T20:55:10Z,11,0,0,,,
MLM881807595,2022-08-04T13:29:45Z,Muy bonito de buena calidad me gusto.,0,5,0,0,2022-06-27T18:15:09Z,7,0,0,,,
MLM881807595,2022-07-10T18:06:55Z,Me encanto luce muy bonito en mi abitacion.,0,5,0,0,2022-06-21T22:29:10Z,8,0,0,,,
MLM881807595,2022-07-04T14:44:51Z,"Los compr√© para mis sobrinas y les encant√≥, los colores son tal cual y de un excelente tama√±o.",0,5,0,0,2022-06-04T02:23:12Z,18,0,0,,,
MLM881807595,2022-06-24T13:37:21Z,Tama√±o adecuado y las luces funcionan bien ;).,0,5,0,0,2022-05-25T16:40:46Z,7,0,0,,,
MLM881807595,2022-06-19T15:10:26Z,"Colorido, las lucesitas ya vienen pegadas en el atrapasue√±os y se ven bonitas de noche.",0,5,0,0,2022-06-02T21:42:29Z,15,0,0,,,
MLM881807595,2022-06-13T12:43:54Z,"Se ve hermoso, los colores son tal cual la imagen, lo √∫nico que me paso, fue que no serv√≠an las pilas que ven√≠an, me toco comprar inmediatamente para que funcionara correctamente.",0,5,0,0,2022-05-27T03:27:01Z,31,0,0,,,
MLM881807595,2022-05-23T00:29:18Z,"Simplemente hermoso, me encant√≥ mi atrapasue√±os est√° genial.",0,5,0,0,2022-05-19T02:12:21Z,8,0,0,,,
MLM881807595,2022-05-11T21:36:01Z,"Esta divino!!! hermoso! me encant√≥ y viene bien empacado, no se maltrat√≥. Me gust√≥ mucho.",0,5,0,0,2022-05-11T14:35:54Z,15,0,0,,,
MLM881807595,2022-05-11T20:52:33Z,Muy divinamente lindo. Esta hermoso. Buen obsequio.,0,5,0,0,2022-05-10T15:52:24Z,7,0,0,,,
MLM881807595,2022-05-02T23:09:33Z,En las fotos se ve muy distinto. Las medidas no son las mismas.,0,3,0,0,2022-04-15T11:00:52Z,13,0,0,,,
MLM881807595,2022-04-24T19:47:25Z,Exelente muy buenos y bonitos le gustaron mucho a mi esposa y la recarga da un toque lindo moderno.,0,5,0,0,2022-03-26T02:54:15Z,19,0,0,,,
MLM881807595,2022-04-17T22:03:55Z,"Muy lindo, me encantaron la calidad y los colores. Tal como en las fotos. Muchas gracias.",0,5,0,0,2022-04-02T03:32:46Z,16,20,0,,,
MLM881807595,2022-04-01T15:14:23Z,Muy bonitos los atrapasue√±os me encantaron los colores tal cual la foto.,0,5,0,0,2022-03-31T18:32:10Z,12,0,0,,,
MLM881807595,2022-03-05T19:28:38Z,"Se ve bien, si prendieron las luces.",0,4,0,0,2022-02-01T20:21:54Z,7,0,0,,,
MLM881807595,2022-03-02T22:44:17Z,"Es perfecto, es tal cual la foto y esta hermoso.",0,5,0,0,2022-02-03T05:37:12Z,10,0,0,,,
MLM881807595,2022-02-27T02:55:15Z,Calidad regular y muy lindo como adorno para una adolecente.,0,4,0,0,2022-02-16T07:18:12Z,10,0,0,,,
MLM881807595,2022-02-24T16:53:12Z,"Es muy bonito, lo compre para decoraci√≥n del cuarto de mi hija, y quedo divino. Y con las luces que tiene, de noche se ve super.",0,5,0,0,2022-02-07T04:07:39Z,26,20,0,,,
MLM881807595,2021-12-26T22:30:06Z,Me encant√≥. Pens√© que era m√°s grande pero a√∫n as√≠ es muy tierno.,0,5,0,0,2021-12-01T04:21:11Z,13,0,0,,,
MLM881807595,2021-12-13T20:04:24Z,"Es hermoso a mi hija le encanto, ademas ilumina bastante.",0,5,0,0,2021-11-28T00:36:30Z,10,0,0,,,
MLM881807595,2021-12-12T16:09:50Z,Hermoso sin duda lo volver√≠a a comprar.,0,5,0,0,2021-12-11T17:58:05Z,7,0,0,,,
MLM881807595,2021-11-14T01:44:37Z,"Las luces no encendieron, compr√© el atrapasue√±os precisamente por su iluminaci√≥n.",0,1,0,0,2021-10-03T22:01:19Z,11,20,0,,,
MLM881807595,2021-10-24T13:47:22Z,Ya tengo 1 mes y a√∫n est√° funcionando ala perfecci√≥n.,0,5,0,0,2021-09-20T15:52:12Z,10,0,0,,,
MLM881807595,2021-10-22T14:03:18Z,"Excelente producto, muy atractivo para decorar.",0,5,0,0,2021-10-07T00:34:17Z,6,0,0,,,
MLM881807595,2021-10-17T13:31:20Z,"Muy bonito, y funciona bien la luz.",0,5,0,0,2021-09-28T19:41:57Z,7,0,0,,,
MLM881807595,2021-09-03T17:14:03Z,Exelente producto lp recomiendo.,0,5,0,0,2021-08-16T08:11:18Z,4,0,0,,,
MLM1362392211,2023-06-09T03:18:43Z,Exelente.,2,5,2,0,2023-06-07T06:26:51Z,1,0,0,,,
MLM1362392211,2022-07-18T00:15:58Z,Es bueno pero la beteria se termina muy rapido no deberian ofrecerlo con luz led sale mas elevado el costo de las 2 pilas que necesita.,1,2,1,0,2022-07-01T17:03:03Z,26,0,0,,,
MLM1362392211,2023-07-02T02:44:42Z,Muy bonito. Me gust√≥ bastante.,0,5,0,0,2023-06-22T05:01:28Z,5,0,2,,,
MLM1362392211,2023-12-07T21:02:04Z,Es hermoso realmente y el precio super.,0,5,0,0,2023-12-04T03:55:24Z,7,0,1,,,
MLM1362392211,2023-11-09T23:19:48Z,Cre√≠ que era muy peque√±o pero no esta bien para mi auto.,0,5,0,0,2023-11-08T01:41:47Z,12,0,1,,,
MLM1362392211,2023-09-20T20:10:30Z,"Est√° genial ‚ò∫Ô∏è, de buen material.",0,5,0,0,2023-03-18T21:19:26Z,5,0,1,,,
MLM1362392211,2024-01-13T14:11:57Z,Excedi√≥ mis expectativas.,0,5,0,0,2023-12-19T16:47:10Z,3,0,0,,,
MLM1362392211,2024-01-08T01:05:04Z,Super. Bonito.,0,5,0,0,2023-12-20T02:59:55Z,2,0,0,,,
MLM1362392211,2024-01-06T17:56:19Z,Super hermoso!.,0,5,0,0,2023-12-14T23:35:02Z,2,0,0,,,
MLM1362392211,2023-12-12T05:44:51Z,"Rei que estar√≠a m√°s grande,.
Es de pila.
Realmente muy lindo üòä.",0,3,0,0,2023-12-09T05:57:09Z,11,0,0,,,
MLM1362392211,2023-12-12T04:31:22Z,Muy bonito.,0,5,0,0,2023-12-05T22:19:39Z,2,0,0,,,
MLM1362392211,2023-12-05T22:50:10Z,"Las plumas son lindas y el largo muy bien, solo el tipo de encaje que trae no me gusto mucho se ve sencillo.",0,4,0,0,2023-12-04T21:04:47Z,23,0,0,,,
MLM1362392211,2023-08-19T00:10:53Z,Me encanta üòä.,0,5,0,0,2022-11-28T18:43:42Z,2,0,0,,,
MLM1362392211,2023-08-06T05:37:48Z,Me encanto el dise√±o. Igual a la foto.,0,4,0,0,2023-06-12T14:22:31Z,8,0,0,,,
MLM1362392211,2023-08-03T09:40:19Z,Super lindo y buen tama√±o iluminaci√≥n buena.,0,5,0,0,2023-04-30T21:19:40Z,7,0,0,,,
MLM1362392211,2023-07-24T17:33:30Z,Lo imagine m√°s grande :( creo no cheque las medidas.,0,2,0,0,2023-06-14T20:08:03Z,9,0,0,,,
MLM1362392211,2023-07-03T16:33:01Z,Se descargo muy rapido pero de ahi esta bonito.,0,4,0,0,2023-05-20T16:50:10Z,9,0,0,,,
MLM1362392211,2023-06-10T12:13:11Z,"Super bonito y elegante, los materiales super bien üëå y las luces hace que se vea m√°s hermoso.",0,5,0,0,2023-05-20T23:31:18Z,17,0,0,,,
MLM1362392211,2023-06-10T03:24:00Z,"Me encant√≥ much√≠simo, lo quiero para regalo y ahora me lo quiero quedar üòÅ. Lo volver√© a comprar üåüüåüüåüüåüüåü.",0,5,0,0,2023-06-09T13:15:39Z,17,0,0,,,
MLM1362392211,2023-05-26T05:32:01Z,Esta hermoso bello belloooo.,0,5,0,0,2023-05-24T18:51:13Z,4,0,0,,,
MLM1362392211,2023-05-25T22:52:25Z,"Le encant√≥ a mi hija, pens√≥ que iba a ser m√°s grande, pero no es tema ya que le pareci√≥ hermoso.",0,5,0,0,2023-05-23T19:03:20Z,21,0,0,,,
MLM1362392211,2023-05-17T00:52:52Z,Hermoso ü§©.,0,5,0,0,2023-05-10T03:49:26Z,1,0,0,,,
MLM1362392211,2023-05-10T03:55:04Z,"A mi ni√±a le encanto pronto pedir√© otro, la luz que tiene es muy c√°lida.",0,5,0,0,2023-05-06T21:57:23Z,15,0,0,,,
MLM1362392211,2022-12-07T21:35:50Z,Esta muy bien hecho y muy bonito.,0,5,0,0,2022-11-09T00:22:00Z,7,0,0,,,
MLM1362392211,2022-12-03T22:41:25Z,Est√° hermoso.,0,5,0,0,2022-11-03T16:41:55Z,2,0,0,,,
MLM1362392211,2022-09-23T15:19:07Z,"Excelente producto, esta hermoso.",0,5,0,0,2022-09-05T22:59:24Z,4,0,0,,,
MLM1362392211,2022-08-04T15:02:07Z,De buena calidad esta precioso me encanto.,0,5,0,0,2022-06-27T18:15:09Z,7,0,0,,,
MLM1362392211,2022-06-27T09:50:16Z,"Fue comprada para un regalo y les encant√≥, gracias.",0,5,0,0,2022-05-24T19:38:35Z,9,0,0,,,
MLM1362392211,2022-05-23T00:26:21Z,Le dar√≠a m√°s estrellas porque est√° hermoso estoy feliz por mi compra.,0,5,0,0,2022-05-19T02:12:21Z,12,20,0,,,
MLM1362392211,2022-05-04T22:05:20Z,Muy bonito y por el precio es recomendable.,0,5,0,0,2022-05-03T02:33:57Z,8,0,0,,,
MLM1713526957,2023-08-08T03:14:12Z,Muy bonito si lo recomiendo.,0,5,0,0,2023-07-06T02:24:13Z,5,0,0,,,
MLM1713526957,2023-05-17T04:09:28Z,Excelente producto ! se ve s√∫per lindo. Super√≥ todas mis expectativas.,0,5,0,0,2023-05-15T18:27:06Z,10,0,0,,,
MLM1663556502,2023-06-18T20:27:21Z,Lindo que es!.,1,5,1,0,2023-05-22T16:51:18Z,3,0,0,,,
MLM1663556502,2023-05-13T04:19:26Z,"Me encantaron! uno lo use para el coche de mi hijo y mi l otro para su rec√°mara, es grande y luce muy bonito.",1,5,1,0,2023-05-10T06:10:00Z,24,0,0,,,
MLM910347877,2023-12-30T15:31:34Z,Bell√≠simas. Volver√© a comprar.,0,5,0,0,2023-03-28T21:10:43Z,4,0,0,,,
MLM910347877,2022-08-26T17:05:25Z,Excelente de muy buena calidad y de buen tama√±o.,0,5,0,0,2022-08-25T14:45:47Z,9,0,0,,,
MLM910347877,2022-06-05T20:07:46Z,"Es lo que buscaba, excelente producto!.",0,5,0,0,2022-05-20T02:21:10Z,6,0,0,,,
MLM910347877,2022-03-05T22:35:12Z,"Es un producto muy bueno, s√≥lo necesita una pulida.",0,5,0,0,2022-02-14T19:22:51Z,9,0,0,,,
MLM910347877,2021-10-28T15:34:10Z,Excelente la calidad y el tama√±o.,0,5,0,0,2021-10-11T16:19:00Z,6,0,0,,,
MLM830596930,2023-05-29T19:32:04Z,Buen producto.,0,4,0,0,2023-05-23T00:47:06Z,2,0,0,,,
MLM1760459087,2023-06-13T20:38:09Z,Est√° bueno. Buena compra.,0,4,0,0,2023-06-05T20:43:41Z,4,20,0,,,
MLM1886709628,2023-06-05T02:38:31Z,Muy lindo. Los colores muy bonitos.,1,5,1,0,2023-06-03T15:24:10Z,6,0,0,,,
MLM1937245081,2023-10-20T03:00:31Z,Muy bonitas me encantaron.,0,5,0,0,2023-10-14T02:05:03Z,4,0,0,,,
MLM1553353482,2023-06-22T17:20:48Z,"Muy bonito, le encanto a mi hija.",0,5,0,0,2023-05-21T19:50:36Z,7,0,0,,,
MLM1553353482,2023-06-19T04:53:24Z,Me parece muy simple.,0,3,0,0,2023-05-17T17:51:14Z,4,0,0,,,
MLM1553353482,2023-06-07T01:00:28Z,Muy bueno y bien terminado felicidades por este producto!!!.,0,5,0,0,2023-05-28T18:07:14Z,9,0,0,,,
MLM1553353482,2023-05-11T17:49:43Z,"Es muy bonito, en mi caso no utilice la tira de luces led ni la prob√©, me gust√≥ para decorar.",0,5,0,0,2023-04-25T22:29:37Z,20,0,0,,,
MLM1553353482,2023-03-08T00:58:38Z,"Est√° precioso! tama√±o perfecto, muy bien hecho, excelente calidad. Volver√≠a a comprar sin dudar. Muy buena compra.",0,5,0,0,2023-03-01T00:16:46Z,17,20,0,,,
MLM830597043,2021-04-10T21:57:08Z,"Buena calidad, buen producto, lo recomiendo.",0,5,0,0,2021-03-06T20:00:00Z,6,0,0,,,
MLM830597043,2020-12-21T19:00:03Z,Me encanto! justo lo que necesitaba.,0,5,0,0,2020-11-30T20:00:00Z,6,0,0,,,
MLM1481390950,2023-05-10T14:16:27Z,"S√∫per bonito, muy suave y del tama√±o adecuado!ü•∞.",1,5,1,0,2023-05-03T23:33:28Z,8,0,2,,,
MLM1481390950,2024-01-11T05:38:37Z,"Est√° s√∫per bonito y aparte trae luz, me encant√≥.",0,5,0,0,2024-01-09T19:04:50Z,9,0,1,,,
MLM1481390950,2023-12-25T21:03:21Z,Muy lindo solo un poco m√°s peque√±o de lo que imaginaba.,0,4,0,0,2023-12-07T17:22:31Z,11,0,0,,,
MLM1481390950,2023-07-30T19:14:26Z,Lindo.,0,4,0,0,2023-07-23T19:38:36Z,1,0,0,,,
MLM1481390950,2023-06-18T03:52:48Z,Fu√© un peque√±o regalo para mi hija y le gust√≥ mucho. Lo recomiendo.,0,5,0,0,2023-06-02T12:45:20Z,13,0,0,,,
MLM1481390950,2023-06-16T00:07:50Z,En 2 dias las luces ya no prendian.,0,1,0,0,2023-06-10T04:17:31Z,8,0,0,,,
MLM2314436750,2023-12-11T00:57:24Z,Muy bonito.,0,5,0,0,2023-12-03T17:45:21Z,2,0,0,,,
MLM1838831212,2023-07-29T20:54:00Z,Un poco peque√±o pero muy bonito.,0,4,0,0,2023-07-07T00:17:05Z,6,0,0,,,
MLM2016022488,2023-12-25T18:49:21Z,,0,5,0,0,2023-12-19T05:48:43Z,0,0,1,,,
MLM1480747346,2023-02-11T20:33:23Z,Muy bonito y a buen precio.,1,5,1,0,2023-01-26T00:08:22Z,6,0,0,,,
MLM1480747346,2023-12-24T19:25:40Z,Buen producto.,0,4,0,0,2023-04-23T02:20:20Z,2,0,0,,,
MLM1480747346,2023-12-17T06:20:05Z,"Es m√°s peque√±o de lo que parece, es bonito, pero si buscas algo llamativo, este no es el lugar correcto.",0,2,0,0,2023-03-01T20:44:47Z,20,0,0,,,
MLM1480747346,2023-09-09T00:08:58Z,"Bonito, fue un regalo gusto mucho.",0,5,0,0,2023-09-04T17:12:07Z,6,0,0,,,
MLM1480747346,2023-08-17T14:09:28Z,Esta precioso yo lo compre para un regalo y la persona el encanto viene de muy buen tama√±o 100% recomendado.,0,5,0,0,2023-07-17T18:24:03Z,20,0,0,,,
MLM1480747346,2023-06-22T00:23:52Z,Muy lindo.,0,5,0,0,2022-11-17T00:09:00Z,2,0,0,,,
MLM1480747346,2023-06-16T20:23:36Z,"Me encanta, es peque√±o pero luce e ilumina bastante bien.",0,5,0,0,2022-12-03T18:20:54Z,10,0,0,,,
MLM1480747346,2023-05-13T22:27:50Z,Buen producto.,0,5,0,0,2023-02-15T19:48:36Z,2,0,0,,,
MLM1480747346,2023-04-21T21:38:22Z,S√∫per lindo me encanto.,0,5,0,0,2023-04-14T01:58:15Z,4,0,0,,,
MLM1480747346,2023-03-18T18:11:40Z,Muy bonito.,0,5,0,0,2023-03-12T21:53:59Z,2,0,0,,,
MLM1480747346,2023-02-16T21:53:57Z,Mi producto me pareci√≥ muy bueno. Me sirvi√≥ mucho.,0,5,0,0,2023-02-11T01:17:39Z,9,0,0,,,
MLM1480747346,2023-02-08T22:50:58Z,Excelente le gust√≥ mucho a la persona que se lo regal√©.,0,5,0,0,2023-01-30T21:11:55Z,11,0,0,,,
MLM1480747346,2023-01-26T20:48:23Z,Excelente muy padre y de muy buena calidad.,0,5,0,0,2023-01-07T04:44:23Z,8,0,0,,,
MLM1325347967,2024-01-12T06:34:39Z,"Simplemente bello, me encant√≥ y mi hija que para ella fu√©. M√°s!! termin√© comprando otro m√°s. D√° una buena luz tenue que te permite dormir sin ser molesta y luce muuuy bonito!.",0,5,0,0,2023-12-30T07:46:22Z,32,0,0,,,
MLM1325347967,2023-12-14T05:14:02Z,Muy bonito.,0,5,0,0,2023-05-02T05:54:40Z,2,0,0,,,
MLM1325347967,2023-11-07T02:48:58Z,Me encantaron los atrapasue√±os est√°n muy bonitos y de excelente calidad se ven divinos puestos y encendidos los recomiendo ampliamente.,0,5,0,0,2023-11-03T00:17:02Z,20,0,0,,,
MLM1325347967,2023-10-19T17:37:59Z,"Me gust√≥ mucho es exactamente como se mira en las fotos, lo compre para regal√°rselo a una persona y le gust√≥ mucho, y que llevara ya incluida la pila fue genial si recomiendo esta compra.",0,5,0,0,2023-10-12T19:01:19Z,35,20,0,,,
MLM1325347967,2023-09-26T11:39:54Z,Las luces led no encienden.,0,1,0,0,2023-09-23T23:29:51Z,5,0,0,,,
MLM1325347967,2023-09-11T03:43:57Z,Me encant√≥. Gracias.,0,5,0,0,2023-09-08T01:28:26Z,3,0,0,,,
MLM1325347967,2023-07-17T05:58:09Z,Excelente de muy buen tama√±o üëå.,0,5,0,0,2023-06-08T02:39:58Z,5,0,0,,,
MLM1325347967,2023-07-14T00:50:43Z,Me gust√≥.,0,5,0,0,2023-06-21T13:34:16Z,2,0,0,,,
MLM1325347967,2023-07-06T22:06:28Z,Es muy hermoso.,0,5,0,0,2023-07-03T00:37:19Z,3,0,0,,,
MLM1325347967,2023-05-19T18:22:10Z,Las luces no prenden.,0,1,0,0,2023-05-03T04:40:01Z,4,0,0,,,
MLM1325347967,2023-05-12T16:20:48Z,Est√° hermoso ü•∞.,0,5,0,0,2023-05-10T02:44:02Z,2,0,0,,,
MLM1325347967,2023-05-09T02:29:44Z,Muy bonito e igual a la foto !!!.,0,5,0,0,2023-05-01T04:08:23Z,7,0,0,,,
MLM1325347967,2022-12-21T02:13:46Z,Bueno bonito y barato.,0,5,0,0,2022-12-14T21:29:17Z,4,0,0,,,
MLM1325347967,2022-11-04T17:52:43Z,"Excelente producto, esta precioso.",0,5,0,0,2022-11-03T16:24:40Z,4,0,0,,,
MLM1325347967,2022-10-14T04:24:07Z,Muy bonito. Lo que esperaba es muy hermoso.,0,5,0,0,2022-10-12T19:26:33Z,8,0,0,,,
MLM1325347967,2022-07-07T07:26:57Z,Muy bonito tama√±o y calidad recomendable.,0,5,0,0,2022-06-07T23:51:17Z,6,0,0,,,
MLM1325347967,2022-07-01T21:23:12Z,"Estupendo la compra, si lo recomiendo.",0,5,0,0,2022-06-30T06:01:56Z,6,20,0,,,
MLM1325347967,2022-05-23T05:07:26Z,"Muy lindos, compr√© dos y les encantaron a mis hijas!.
Lo √∫nico malo es que se les acab√≥ la pila al segundo d√≠a =(.",0,5,0,0,2022-05-04T12:48:07Z,23,0,0,,,
MLM1325347967,2022-05-22T21:17:42Z,"Son muy bonitos tama√±o, y color tal cual en la descripci√≥n.",0,4,0,0,2022-05-10T02:03:38Z,11,0,0,,,
MLM1325347967,2022-05-11T13:36:42Z,"Est√° muy lindo, ilumina muy bien, excelente compra.",0,5,0,0,2022-05-10T13:57:38Z,8,20,0,,,
MLM1325347967,2022-04-13T22:02:19Z,"Muy buen producto, todo de muy buena calidad!!!.",0,5,0,0,2022-04-13T02:58:32Z,8,0,0,,,
MLM1325347967,2022-04-06T00:18:28Z,"Excelente producto, muy oadre el dise√±o y el color. Me agrado mucho.",0,5,0,0,2022-04-04T04:56:46Z,12,0,0,,,
MLM1325347967,2022-03-28T22:57:43Z,Excelente y muy hermoso el atrapasue√±os.,0,5,0,0,2022-03-25T17:34:03Z,6,0,0,,,
MLM611841166,2021-08-21T02:04:08Z,"Muy bonita, tela gruesa y estampado hermoso.",0,5,0,0,2021-07-13T20:00:00Z,7,0,0,,,
MLM611841166,2018-11-02T11:49:31Z,Me gusto. Mucho mil gracias estar√© en contacto cntg.,0,5,0,0,0001-01-01T00:00:00Z,9,30,0,,,
MLM1431809234,2023-07-13T22:53:07Z,Muy bonitos.,0,5,0,0,2023-07-12T01:36:12Z,2,0,1,,,
MLM1431809234,2023-12-22T01:03:19Z,Hermosos!! hermosos!!.,0,5,0,0,2022-08-27T01:06:23Z,2,0,0,,,
MLM1431809234,2023-07-30T02:55:18Z,Un detalle muy lindo! se ve muy elegante y bonito.,0,5,0,0,2023-03-05T20:22:29Z,10,0,0,,,
MLM1431809234,2023-03-31T04:10:24Z,Hermosos quiero mas.,0,5,0,0,2023-03-08T21:30:03Z,3,0,0,,,
MLM1431809234,2023-02-20T17:10:17Z,Excelente.,0,5,0,0,2023-01-20T05:31:53Z,1,0,0,,,
MLM1431809234,2022-11-19T16:59:50Z,"Un producto genial , me gusto mucho , est√©tico y bonito.",0,5,0,0,2022-11-04T13:50:46Z,9,0,0,,,
MLM1431809234,2022-10-06T18:16:40Z,"Est√° s√∫per bonito, me encant√≥, el material es de excelente calidad y se ve incre√≠ble.",0,5,0,0,2022-09-21T23:54:49Z,15,0,0,,,
MLM1431809234,2022-07-19T14:59:04Z,"Est√°n bonitos, tal cual la imagen m√°s econ√≥micos que comprar por separado. El tama√±o es el que indica la publicaci√≥n, me gustar√≠a que fueran m√°s grandes pero por el precio est√° bien. Las luces vienen con pilas chiquitas y esconder la caja detr√°s del atrapasue√±os es f√°cil.",0,5,0,0,2022-07-18T14:58:10Z,47,0,0,,,
MLM744337387,2023-05-10T19:27:52Z,Muy bonita funciona muy bien.,0,5,0,0,2023-04-17T06:20:56Z,5,0,0,,,
MLM744337387,2021-01-24T21:10:05Z,"Hermoso, de buen tama√±o. Aunque la pila se acab√≥ r√°pido.",0,5,0,0,2020-12-18T20:00:00Z,10,0,0,,,
MLM744337387,2021-01-17T11:35:23Z,"Justo lo que esperaba,muy buen producto.",0,5,0,0,2020-12-22T20:00:00Z,7,0,0,,,
MLM2408390934,2023-10-24T22:37:17Z,Muy bonito.,0,5,0,0,2023-10-13T22:07:09Z,2,0,0,,,
MLM952526065,2023-08-15T12:50:35Z,Muy bonito me encsnto.,0,5,0,0,2022-04-07T01:52:20Z,4,0,0,,,
MLM613992133,2020-02-25T12:11:26Z,"Muy bien, cumpli√≥ las espectativas.",0,5,0,0,2020-02-09T20:00:00Z,5,0,0,,,
MLM613992133,2018-06-06T10:36:48Z,"Es muy elegante y estetico, para el precio vale la pena comprarlo, es muy resistente.",0,5,0,0,0001-01-01T00:00:00Z,15,0,0,,,
MLM613992133,2019-07-25T09:52:31Z,Muy bien hecho. Debieran ofrecer versiones mas grandes y largas.,-1,5,0,1,2019-07-03T20:00:00Z,10,0,0,,,
MLM852280296,2024-01-11T22:29:34Z,"Simplemente hermoso, es un excelente art√≠culo decorativo en el cuarto de mi beb√© y las luces que incluyen le da un toque muy padre.",0,5,0,0,2022-07-28T17:40:35Z,24,0,1,,,
MLM818894799,2022-08-04T18:05:10Z,Muy bonitos sin duda los volver√© a comprar.,0,5,0,0,2022-07-19T00:37:11Z,8,0,0,,,
MLM818894799,2021-11-18T09:21:33Z,Me encantaron mis m√°ndalas. Son lindas y de buen gusto.,0,5,0,0,2021-10-24T20:38:09Z,10,0,0,,,
MLM1904808013,2023-07-24T00:49:21Z,"Muy bien hechos, con terminado de calidad. Hermosa artesan√≠a.",0,5,0,0,2023-07-15T19:04:56Z,9,0,0,,,
MLM815113508,2021-06-05T14:26:06Z,"Material, dise√±o, textura, muy bonito.",0,5,0,0,2021-01-17T20:00:00Z,5,0,0,,,
MLM1482350207,2023-10-03T11:23:52Z,Buen material.,0,5,0,0,2023-09-15T03:19:18Z,2,0,0,,,
MLM1973068094,2023-10-31T18:33:22Z,Muy buena opcion.,0,5,0,0,2023-09-25T15:02:13Z,3,0,0,,,
MLM1973068094,2023-09-07T17:18:05Z,Muy buen material los ocupe para centros de mesa quedaron exelentes.,0,5,0,0,2023-07-25T16:42:32Z,11,0,0,,,
MLM2267217134,2023-11-28T11:01:37Z,De buena calidad.,0,5,0,0,2023-11-12T21:26:01Z,3,0,0,,,
MLM1846170780,2023-08-16T21:10:40Z,Excelente. Tal y como se describe en el anuncio.,0,5,0,0,2023-08-01T22:27:03Z,9,0,0,,,
MLM1886867547,2024-01-08T16:13:40Z,Muy buena calidad.,0,5,0,0,2023-08-08T04:45:27Z,3,0,0,,,
MLM1905381227,2023-11-14T22:19:50Z,"Muchas gracias, me agrad√≥ mucho la cadena de lluvia que compr√©,.
Tendr√°n otros modelos que me pudieran mandar informaci√≥n?.",0,5,0,0,2023-11-05T21:42:03Z,19,0,0,,,
MLM1905381227,2023-09-02T17:12:18Z,Excelente!!! muy bonito.,0,5,0,0,2023-07-23T18:44:59Z,3,0,0,,,
MLM2571532418,2023-11-09T21:19:42Z,Esta bien bonito!!!! :).,0,5,0,0,2023-10-05T23:06:47Z,3,0,0,,,
MLM1567316039,2023-10-15T01:40:57Z,Excelente me encantaron.,0,5,0,0,2023-10-04T00:27:14Z,3,0,0,,,
MLM1334838646,2023-07-16T03:57:13Z,"Muy buena calidad, vienen en presentaci√≥n peque√±a para esquinero de fotograf√≠as.
Tiene buen adherencia y es de color matte.
Literalmente trae 480 esquineras!.
Lo volver√≠a a comprar. Sin duda alguna.",0,5,0,0,2023-06-09T00:27:47Z,30,0,1,,,
MLM564047608,2020-10-28T09:46:26Z,"Bien producto parecen reales y la duraci√≥n depende del cuidado, pero en general est√°n bien.",0,4,0,0,2020-10-10T20:00:00Z,15,0,0,,,
MLM564047608,2020-08-23T16:13:32Z,"Me encant√≥, s√∫per incre√≠ble, el dise√±o s√∫per bonito, si duran :') recomiendo!.",0,5,0,0,2020-07-14T20:00:00Z,11,0,0,,,
MLM564047608,2020-08-13T18:30:27Z,Flash tatto es buen producto para cambiar temporalmente la imagen. Y lucir diferente. A mis amstades les facinaro el tatuaje.,0,5,0,0,2020-07-25T20:00:00Z,20,0,0,,,
MLM564047608,2020-08-04T18:06:36Z,"Buenos modelos de tatuajes temporales, divertido usarlos.",0,5,0,0,2020-07-11T20:00:00Z,7,0,0,,,
MLM564047608,2019-02-23T23:29:11Z,Muy buenos los tatuajes temporales. Se ponen muy f√°cil. Y si duran varios dias.,0,5,0,0,0001-01-01T00:00:00Z,14,0,0,,,
MLM564047608,2018-07-12T07:34:06Z,S√∫per buena calidad! am√©!!!!!!.,0,5,0,0,0001-01-01T00:00:00Z,4,0,0,,,
MLM564047608,2018-05-10T04:40:13Z,"Preciosos de buen tama√±o excelente precio y colores fuertes, tal cual se muestran en la foto, me gustaron.",0,5,0,0,0001-01-01T00:00:00Z,18,0,0,,,
MLM564047608,2017-08-22T00:24:02Z,Excelente producto. S√∫per realista y de muy buena calidad. S√∫per-hiper-mega recomendable.,0,5,0,0,0001-01-01T00:00:00Z,13,0,0,,,
MLM564047608,2017-05-16T16:46:13Z,Perfecto!.,0,5,0,0,0001-01-01T00:00:00Z,1,0,0,,,
MLM816549581,2022-01-03T15:39:50Z,Excelente producto. Justo lo que necesitaba.,0,5,0,0,2021-12-16T16:41:18Z,6,0,0,,,
MLM1772697681,2023-05-10T23:47:03Z,Muy bonito.,0,5,0,0,2023-04-22T04:20:35Z,2,0,0,,,
MLM1719190356,2023-06-26T02:41:20Z,Muy lindoooo.,0,5,0,0,2023-05-18T03:36:35Z,2,0,0,,,
MLM1649114624,2023-06-21T22:32:23Z,Super hermoso ü´∂ü´∂ü´∂ü•∞üéÅ.,0,5,0,0,2023-06-20T06:27:31Z,2,0,1,,,
MLM1649114624,2023-12-20T23:29:22Z,S√∫per bonito con sus luces prendidas.,0,5,0,0,2023-09-08T21:13:15Z,6,0,0,,,
MLM1649114624,2023-12-08T15:43:13Z,Excelente.,0,5,0,0,2023-05-16T04:12:02Z,1,0,0,,,
MLM1649114624,2023-09-28T20:49:02Z,Hermoso adorno.,0,5,0,0,2023-06-20T15:02:22Z,2,0,0,,,
MLM1649114624,2023-09-23T02:13:37Z,Para su presio muy buen producto esta aceptable.,0,4,0,0,2023-09-16T04:14:14Z,8,0,0,,,
MLM1649114624,2023-09-06T02:28:04Z,"Muy bonito, es grande y colores vivos y brillantes.",0,5,0,0,2023-09-04T18:28:30Z,9,0,0,,,
MLM1649114624,2023-08-03T14:58:37Z,"Me encant√≥,, esta hermoso.",0,5,0,0,2023-05-28T21:27:54Z,4,0,0,,,
MLM1649114624,2023-08-02T01:05:34Z,"Me encant√≥ por su color azul tan intenso, pero las luces encendieron los primeros d√≠as y ya no funcionan.",0,4,0,0,2023-06-01T21:17:14Z,19,0,0,,,
MLM1649114624,2023-06-15T17:24:29Z,"Es lindo, s√≥lo que la pila de las luces duro 5 horas aproximadamente.",0,3,0,0,2023-05-20T22:47:50Z,13,0,0,,,
MLM1649114624,2023-06-04T02:32:52Z,"Muy bueno en relaci√≥n precio/calidad.
Lo recomiendo.",0,5,0,0,2023-05-29T15:42:19Z,8,0,0,,,
MLM1649114624,2023-05-11T03:05:49Z,Hermoso bien echo le doy un 10.,0,5,0,0,2023-05-05T17:43:19Z,7,0,0,,,
MLM771828323,2023-06-30T08:44:00Z,Excelente.,0,5,0,0,2022-05-04T20:15:36Z,1,0,0,,,
MLM771828323,2022-07-08T14:08:24Z,"Me encanto.
Esta muy bonita y es justo colo la imagen.",0,5,0,0,2022-06-25T07:54:56Z,11,0,0,,,
MLM771828323,2021-06-22T17:57:20Z,Esta hermoso el producto me encanto.,0,5,0,0,2021-06-19T20:00:00Z,6,0,0,,,
MLM629604170,2020-09-12T13:50:02Z,"Muy bonito, nos gust√≥ mucho. Luce muy bien.",0,5,0,0,2020-09-09T20:00:00Z,8,0,0,,,
MLM629604170,2018-07-26T20:27:43Z,300 maso esta muy bonito gravais x el sevicios.,0,5,0,0,0001-01-01T00:00:00Z,9,0,0,,,
MLM1665103081,2023-11-25T02:03:23Z,Cumple expectativas.,0,5,0,0,2023-10-16T12:50:18Z,2,0,0,,,
MLM1863044917,2023-11-08T01:40:03Z,Me encant√≥ es aterciopelado con ojuelas que suenan simplemente me fascin√≥ ‚ô•Ô∏è‚ù£Ô∏èüòç.,0,5,0,0,2023-10-25T00:26:41Z,11,0,1,,,
MLM791505787,2023-03-24T15:08:54Z,"Me gusto, excepto los palos que son a la mitad, eso no sirve. Se salen cuando ya estan dentro de la tela del tipi. No es practico ni se bonito el tipi.",0,3,0,0,2023-03-09T20:07:22Z,32,0,0,,,
MLM791505787,2022-02-09T10:18:31Z,"Igual a la foto, facil de armar, solo unes los palos de soporte y listo, la colchoneta es un poco delgada pero para jardin esta bien. Todo es de manta. Trae bolsa para guardarlo. Luce bonito.",0,5,0,0,2022-02-05T14:31:41Z,36,0,0,,,
MLM791505787,2022-01-24T15:46:35Z,"Me pareci√≥ genial todo el material esta muy bien tal y cual lo describen ,lo √∫nico que no me gust√≥ fueron los cojines el color pero con unas fundas lo solucione.",0,4,0,0,2022-01-04T21:42:41Z,31,0,0,,,
MLM802227408,2020-10-14T16:37:08Z,"Excelente producto, buena calidad. Me gusto mucho!.",0,5,0,0,2020-09-06T20:00:00Z,7,0,0,,,
MLM1442907048,2023-12-20T00:57:14Z,Lindo me da tranquilidad observarlo.,0,5,0,0,2023-08-28T02:27:51Z,5,0,1,,,
MLM1823562094,2023-06-26T02:39:41Z,"Lindo, buena compra.",0,5,0,0,2023-05-18T03:44:47Z,3,20,0,,,
