id,Calificaci贸n,Fecha,Rese帽a,Cantidad de imagenes,Utilidad,Titcarac_1,Calfcarac_1,Titcarac_2,Calfcarac_2,Titcarac_3,Calfcarac_3,Titcarac_4,Calfcarac_4
CLCG3L8M3BC,5,05 ago. 2023,Trae ganchitos para colgarse muy practicos tiene mucha luz.,2,0,,,,,,,,
CLCG3L8M3BC,5,23 ago. 2023,Bien.,0,0,,,,,,,,
CLCG3L8M3BC,5,23 ago. 2023,"Valen mucho la pena, excelente precio y calidad cumplen muy bien con su funci贸n las recomiendo.",0,0,,,,,,,,
CLCG3L8M3BC,5,23 ago. 2023,Se ven muy lindas!!.,0,0,,,,,,,,
CLCG3L8M3BC,5,18 ago. 2023,Lo volver茅 a comprar.,0,0,,,,,,,,
CLCG3L8M3BC,5,15 ago. 2023,Me gust贸 mucho la calidad es buena y se ven muy bonitod.,0,0,,,,,,,,
CLCG3L8M3BC,5,09 ago. 2023,Se ven bien padres.,0,0,,,,,,,,
CLCG3L8M3BC,5,06 ago. 2023,Exelente justo lo que buscaba.,0,0,,,,,,,,
CLCG3L8M3BC,5,06 ago. 2023,"La luz es una belleza, buen producto, resistente al agua.",0,0,,,,,,,,
CLCG3L8M3BC,5,21 jul. 2023,Muy padres me encantaron.,0,0,,,,,,,,
CLCG3L8M3BC,5,06 may. 2023,,0,0,,,,,,,,
CLCG3L8M3BC,5,15 mar. 2023,Muy bueno.,0,0,,,,,,,,
CLCG3L8M3BC,5,05 ago. 2023,Trae ganchitos para colgarse muy practicos tiene mucha luz.,2,0,,,,,,,,
CLCG3L8M3BC,5,23 ago. 2023,Bien.,0,0,,,,,,,,
CLCG3L8M3BC,5,23 ago. 2023,"Valen mucho la pena, excelente precio y calidad cumplen muy bien con su funci贸n las recomiendo.",0,0,,,,,,,,
CLCG3L8M3BC,5,23 ago. 2023,Se ven muy lindas!!.,0,0,,,,,,,,
CLCG3L8M3BC,5,18 ago. 2023,Lo volver茅 a comprar.,0,0,,,,,,,,
CLCG3L8M3BC,5,15 ago. 2023,Me gust贸 mucho la calidad es buena y se ven muy bonitod.,0,0,,,,,,,,
CLCG3L8M3BC,5,09 ago. 2023,Se ven bien padres.,0,0,,,,,,,,
CLCG3L8M3BC,5,06 ago. 2023,Exelente justo lo que buscaba.,0,0,,,,,,,,
CLCG3L8M3BC,5,06 ago. 2023,"La luz es una belleza, buen producto, resistente al agua.",0,0,,,,,,,,
CLCG3L8M3BC,5,21 jul. 2023,Muy padres me encantaron.,0,0,,,,,,,,
CLCG3L8M3BC,5,06 may. 2023,,0,0,,,,,,,,
CLCG3L8M3BC,5,15 mar. 2023,Muy bueno.,0,0,,,,,,,,
CLCG3L8M3BC,5,05 ago. 2023,Trae ganchitos para colgarse muy practicos tiene mucha luz.,2,0,,,,,,,,
CLCG3L8M3BC,5,23 ago. 2023,Bien.,0,0,,,,,,,,
CLCG3L8M3BC,5,23 ago. 2023,"Valen mucho la pena, excelente precio y calidad cumplen muy bien con su funci贸n las recomiendo.",0,0,,,,,,,,
CLCG3L8M3BC,5,23 ago. 2023,Se ven muy lindas!!.,0,0,,,,,,,,
CLCG3L8M3BC,5,18 ago. 2023,Lo volver茅 a comprar.,0,0,,,,,,,,
CLCG3L8M3BC,5,15 ago. 2023,Me gust贸 mucho la calidad es buena y se ven muy bonitod.,0,0,,,,,,,,
CLCG3L8M3BC,5,09 ago. 2023,Se ven bien padres.,0,0,,,,,,,,
CLCG3L8M3BC,5,06 ago. 2023,Exelente justo lo que buscaba.,0,0,,,,,,,,
CLCG3L8M3BC,5,06 ago. 2023,"La luz es una belleza, buen producto, resistente al agua.",0,0,,,,,,,,
CLCG3L8M3BC,5,21 jul. 2023,Muy padres me encantaron.,0,0,,,,,,,,
CLCG3L8M3BC,5,06 may. 2023,,0,0,,,,,,,,
CLCG3L8M3BC,5,15 mar. 2023,Muy bueno.,0,0,,,,,,,,
CDBNIAPB,5,10 ago. 2023,"A煤n no lo coloco, pero se ve de buena calidad.",3,0,,,,,,,,
,,,,,,Relaci贸n precio-calidad,4.7,,,,,,
,,,,,,,,Facilidad al limpiar,5,,,,
,,,,,,,,,,Calidad de los materiales,4.5,,
,,,,,,,,,,,,Practicidad,4.7
