id,Calificaci√≥n,Fecha,Rese√±a,Cantidad de imagenes,Utilidad
GDL2FL1EV,5,25 jul. 2023,"Muy hermosas , el largo fue perfecto y traen 2 repuestos, son m√°s peque√±os de lo que pensaba pero iluminan perfecto !.",1,8
GDL2FL1EV,5,05 ago. 2023,"Me encantaron, buen precio, muy buena calidad, brinda una iluminaci√≥n c√°lida. Primero compr√© unas y las ame, por eso volv√≠ a encargar m√°s.",1,2
GDL2FL1EV,5,07 sep. 2023,"Son excelentes compre 2 para cubrir 30 mts en zigzag, a pesar de que los focos son peque√±os dan muy buena luz. Son ideales si lo que se busca es ambientar un espacio.",4,0
GDL2FL1EV,5,10 sep. 2023,"Super padres, con gusto comprar√≠a de nuevo.",0,0
GDL2FL1EV,5,08 sep. 2023,La verdad por el precio me parece justo. Ampliamente recomendado.,0,0
GDL2FL1EV,5,01 sep. 2023,"Es muy funcional, la calidad es buena y aluza lo suficiente.",0,0
GDL2FL1EV,5,13 ago. 2023,Muy bueno satisfecho.,0,0
GDL2FL1EV,5,07 ago. 2023,"Era como me las imaginaba y sobre todo iluminaron como quer√≠a , me encantaron.",0,0
GDL2FL1EV,5,02 ago. 2023,Excelente.,0,0
GDL2FL1EV,5,30 jul. 2023,Muy bien los recomiendo.,0,0
GDL2FL1EV,5,18 jul. 2023,Excelente para terraza lo recomiendo.,0,0
GDL2FL1EV,5,13 jul. 2023,De lo mejor se ve fr√°gil pero no lo es aguanta mucho e ilumina much√≠simo !!.,0,0
GDL2FL1EV,5,11 jul. 2023,"Est√°n s√∫per ,una gran decoraci√≥n,moderna y elegante.",0,0
GDL2FL1EV,5,21 jun. 2023,"Hasta el momento todo bien, la luz es tenue y calida pero cubrio nuestras espectativas 100% recomendable.",0,0
GDL2FL1EV,5,10 may. 2023,Bien producto.,0,0
GDL2FL1EV,5,24 abr. 2023,Llevo poco us√°ndolo y hasta ahora todo bien. El cable se ve sencillo pero las bombillas se ven muy bien.,0,0
GDL2FL1EV,5,21 abr. 2023,Muy buenas las luces esperemos que sean durables y cumplan con las caracter√≠sticas que prometen.,0,0
GDL2FL1EV,5,20 abr. 2023,"Buen producto, lo recomiendo, aunque tiene los bombillos chicos, se aprecia muy bienüëç.",0,0
GDL2FL1EV,5,14 abr. 2023,"Un poco peque√±os, pero funcionan excelente.",0,0
GDL2FL1EV,5,13 abr. 2023,Muy buena compra. Alumbran muy padre.,0,0
GDL2FL1EV,5,13 abr. 2023,Excelente.,0,0
GDL2FL1EV,5,10 abr. 2023,Excelente üëå.,0,0
GDL2FL1EV,5,09 abr. 2023,"Lo instale en una terraza de aproximadamente 4x3 y qued√≥ muy bien. La luz es perfecta para una noche con amigos y disfrutar de unos tragos. El material de los focos se ve resistente al igual que el pet con el que est√°n hechos los bombillos. Mi terraza cuenta con techo por lo cual espero que duren mucho tiempo. Esperaba que los focos fueran m√°s grandes pues son a mi parecer un poco chicos. Sin embargo no afecta en nada la iluminaci√≥n que prometen ni afecta la est√©tica de la guirnalda. Es un muy bien producto por el precio que manejan, lo recomiendo ampliamente.",0,0
GDL2FL1EV,5,21 ene. 2023,"Muy buena compra! compre dos y me encantaron por qu√© el material de el foto es pl√°stico que aguanta mucho el calor y no se rompe f√°cil, lucen bell√≠simos y no me dieron problemas con nada. Excelente compra.",0,0
GDL2FL1EV,5,28 dic. 2022,"Me pareci√≥ excelente, tiene muy buena iluminaci√≥n, se ve muy bien ya instalado, es de buena calidad.",0,0
GDL2FL1EV,5,22 dic. 2022,Buen producto esta a buen precio y se ven muy bonitas los materiales est√°n delgados pero si funciona bien.,0,0
GDL2FL1EV,4,21 ago. 2023,Bueno.,0,1
GDL2FL1EV,4,05 sep. 2023,Buen precio.,0,0
GDL2FL1EV,4,02 sep. 2023,Exelente.,0,0
GDL2FL1EV,4,20 jul. 2023,Bueno para el precio esta excelente.,0,0
GDL2FL1EV,4,15 jul. 2023,"Buena relaci√≥n precio producto, claro que puede haber mejores a mayor costo. Cumple el cometido.",0,0
GDL2FL1EV,4,08 may. 2023,Excelente.,0,0
GDL2FL1EV,2,25 jul. 2023,Buen producto. Se ven muy bonitas. Est√°n de muy buena. Medida. Buena iluminaci√≥n. Recomendado.,0,0
KDPDDDVG532P,5,18 mar. 2023,Muy entretenido ayuda mucho a quitar la ansiedad y el estr√©s y todas las piedritas viene bien.,1,2
KDPDDDVG532P,5,28 ago. 2023,"Me s√∫per mega hiper encanto! las fotos no le hacen nada de justicia a como en realidad se ve, brilla much√≠simo y no se diga de noche con luz de casa, es un producto que recomiendo mucho por varias razones, hacerlo es bastante relajante si tienes todo el tiempo del mundo, el resultado es espectacular y como decoraci√≥n de espacios es muy original y √∫nico.",1,0
KDPDDDVG532P,5,28 ago. 2023,,1,0
KDPDDDVG532P,5,20 ago. 2023,"Si quieres relajarte, este material puede ayudarte! me encant√≥!.",1,0
KDPDDDVG532P,5,14 ago. 2023,"Est√° excelente, es lo que se ve en la imagen y con material de calidad.",1,0
KDPDDDVG532P,5,01 sep. 2023,"Es muy relajante y adictivo me ayuda mucho con mis ataque de ansiedad, lo amo.",0,0
KDPDDDVG532P,5,30 ago. 2023,Muy completo. Gracias.,0,0
KDPDDDVG532P,5,20 ago. 2023,Excelente producto volver√© a pedir.,0,0
KDPDDDVG532P,5,19 ago. 2023,"Muy entretenido y relajante, solo que si no tienes una buena vista va a ser de ayuda alg√∫n tipo de lupa y buena iluminaci√≥n para poder ver bien las letras.",0,0
KDPDDDVG532P,5,10 ago. 2023,Me encanto es muy relajante.,0,0
KDPDDDVG532P,5,08 ago. 2023,Bueno para hobby.,0,0
KDPDDDVG532P,5,07 ago. 2023,Muy buena calidad.,0,0
KDPDDDVG532P,5,03 ago. 2023,"Viene los dos, yo pens√© que solo ven√≠a una pintura y son dos, excelente !!.",0,0
KDPDDDVG532P,5,27 jul. 2023,Esta divino me encant√≥.,0,0
KDPDDDVG532P,5,13 jul. 2023,La imagen no ees tan clara como cre√≠a pero ya veremos.,0,0
KDPDDDVG532P,5,11 jul. 2023,"Est√° muy bonito,el material de muy buena calidad.",0,0
KDPDDDVG532P,5,20 jun. 2023,Muy buen pasatiempo.,0,0
KDPDDDVG532P,5,20 mar. 2023,Muy buen producto. Cumple con la descripci√≥n.,0,0
KDPDDDVG532P,5,18 mar. 2023,Buena calidad y precio. Es lo que pidi√≥ mi hija.,0,0
KDPDDDVG532P,5,17 mar. 2023,"Muy bonito, a√∫n no lo termino pero agradezco que incluyen muchas pegatinas.",0,0
KDPDDDVG532P,5,08 mar. 2023,"Es muy entretenido, me parece ideal para poder desestresarte un rato.",0,0
KDPDDDVG532P,5,05 mar. 2023,Excelente producto llega muy bien empaquetado y muy buena calidad.,0,0
KDPDDDVG532P,5,06 dic. 2022,Muy bien dise√±ado y muy entretenido.,0,0
KDPDDDVG532P,5,24 nov. 2022,"Me encanto, mas porque venian dos pinturas en un mismo paquete.",0,0
KDPDDDVG532P,5,24 nov. 2022,El dise√±o est√° hermoso y es muy f√°cil ya que trae todo lo necesario.,0,0
KDPDDDVG532P,5,22 nov. 2022,"Excelente articulo, tal cual la descripci√≥n. Me encanto.",0,0
KDPDDDVG532P,4,23 ago. 2023,"Est√°n muy padres los colores ,pero en dorado ya venia abierto.",0,0
KDPDDDVG532P,4,04 jun. 2023,"Apenas los voy terminando y la calidad de la imagen baja bastante a pesar de ser un lienzo grande, pero para el desestres est√° bastante bueno.",0,0
KDPDDDVG532P,4,31 dic. 2022,Bueno.,0,0
KDPDDDVG532P,3,16 mar. 2023,Me encant√≥.,0,0
CBODTHA1,5,19 may. 2023,"La cortina es de buena calidad, quer√≠a una una que cubriera la claridad de mi cuarto y est√° si cumple con ello, lo oscurece como a un 80 % quede muy feliz con mi compra.",1,17
CBODTHA1,5,30 may. 2023,"Excelente producto si tapa toda la luz externa como se muestra en la primer foto, solo se ven los huequitos donde se mete la cortina, todo quedo completamente oscuro. Aun que en el d√≠a si pasa m√°s la luz pero a mi me interesaba que no pasara nada de luz en la noche. Cumpli√≥ mis expectativas, solo se tiene que planchar y queda muy bonito.",3,9
CBODTHA1,5,16 may. 2023,Est√° incre√≠ble y a pesar de que es un color brillante detiene muy bien el paso de la luz.,0,5
CBODTHA1,5,14 jul. 2023,"Muy buenas cortinas, eliminan el calor y luz del sol directo que entraba por la ventana, volver√≠a a comprar m√°s.",1,4
CBODTHA1,5,24 may. 2023,"Es una buena compra. Corresponde a sus medidas, color. Cumple con calidad/precio.",1,3
CBODTHA1,5,16 may. 2023,Muy buenas a√≠sla el sonido y la luz.,0,3
CBODTHA1,5,12 may. 2023,"Excelente producto, voy a comprar m√°s.",0,3
CBODTHA1,5,25 may. 2023,"Est√°n super bonitas, gruesas y resistentes, no son tan pesadas pero se ven super elegantes me encantaron ü§© adem√°s que si evitan que entre la luz de ser necesario.",1,2
CBODTHA1,5,17 may. 2023,Excelente.,0,2
CBODTHA1,5,05 ago. 2023,Es excelente producto. El material es muy bueno. Yo compre 2 piezas porque una es muy poco para el ancho de la ventana.,2,1
CBODTHA1,5,17 jul. 2023,Me encant√≥ se estira muy bien y es muy buena tela ü•∞.,1,1
CBODTHA1,5,26 may. 2023,"Excelente producto, no permite la entrada de luz. Materiales gruesos y de buena calidad. Me agrado mucho el producto. Satisfecho con mi compra.",0,1
CBODTHA1,5,24 may. 2023,"Buen producto si lo recomiendo ,yo lo compr√© en color turquesa y no transparenta nada , cre√≠ que ven√≠an las dos , pero solo viene una , tiene buen tama√±o pero mi ventanal es grande as√≠ que volver√© a pedir otra , es compra segura.",0,1
CBODTHA1,5,24 may. 2023,"El producto es muy bueno, tapa la luz muy bien, escog√≠ un color obscuro (gris) para ayudar un poco m√°s, la ventaja es que no tiene una cubierta pl√°stica lo que ayuda a que su limpieza en un centro de lavado sea buena, la tela es suave.",0,1
CBODTHA1,5,19 may. 2023,,1,1
CBODTHA1,5,26 ago. 2023,"Es una cortina de muy buena calidad por el precio que se oferta. Me gusta mucho la tela que se siente resistente y tiene muy buen nivel de bloqueo solar, la puse en una ventana y ahora la luz es impenetrable. Me agrada el largo y ancho pues luce muy elegante en donde se coloca. Recomendable ampliamente.",2,0
CBODTHA1,5,29 ago. 2023,Me encant√≥ el producto üëèüëèüëè cumple con lo que promete.,1,0
CBODTHA1,5,29 ago. 2023,"Estoy encanta con la cortina, lo comento as√≠, porque solo viene 1 pero a pesar de eso el precio est√° muy accesible y el material es bueno, super√≥ totalmente mis expectativas, cubre bastante bien la claridad, ya encargu√© m√°s, la recomiendo altamente.",1,0
CBODTHA1,5,25 ago. 2023,"Excelente producto,muy bonitas , tuve que comprar 2 paquetes para hacer el juego , me encantaron.",1,0
CBODTHA1,5,20 ago. 2023,,1,0
CBODTHA1,5,17 ago. 2023,,1,0
CBODTHA1,5,15 ago. 2023,,1,0
CBODTHA1,5,12 ago. 2023,"Me encanto!! la calidad de la tela es muy buena, resistente, el largo est√° excelente! me encanto. Adem√°s el precio es econ√≥mico.",1,0
CBODTHA1,5,09 ago. 2023,Se ve bien me gust√≥ mucho.,1,0
CBODTHA1,5,08 ago. 2023,Me encanto cubre muy bien el sol ameeee.,1,0
CBODTHA1,5,08 ago. 2023,Las ame‚ô•Ô∏è.,1,0
CBODTHA1,5,03 ago. 2023,Est√° muy bonita y la tela es de buena calidad.,1,0
CBODTHA1,5,01 ago. 2023,Excelente.,1,0
CBODTHA1,5,29 jul. 2023,"Me sorprendi√≥ el producto, cubre bien compre rodas la tela es muy suave. Quer√≠a otro par pero se agotoü´†.",1,0
CBODTHA1,5,26 jul. 2023,,1,0
CBODTHA1,5,22 jul. 2023,Excelente producto cumple su funci√≥n a la perfecci√≥n (foto tomada de d√≠a) no deja entrar pr√°cticamente nada de luz.,1,0
CBODTHA1,5,21 jul. 2023,Me gusta mucho y esbonita gracias.,1,0
CBODTHA1,5,19 jul. 2023,"Simplemente hermosas ,bloquea totalmente la luz, est√°n gruesas de buena calidad ,las volver√≠a a comprar.",1,0
CBODTHA1,5,15 jul. 2023,Buen producto y buen precio.,1,0
CBODTHA1,5,14 jul. 2023,"La verdad no ten√≠a buenas expectativas pero son muy buenas, no entra nada de sol, vienen en muy buen estado.",1,0
CBODTHA1,5,10 jul. 2023,"Buen producto , de buena calidad. Se recomienda!! y llega r√°pido.",1,0
CBODTHA1,5,04 jul. 2023,Me sorprendi√≥ muy buen producto y el color me agrad√≥ hiva por unas negras pero el beige fue mejor opci√≥n.,1,0
CBODTHA1,5,27 jun. 2023,"Excelente calidad, no pasa la luz.",1,0
CBODTHA1,5,06 jun. 2023,Muy bonita buena calidad y precio las recomiendo üëç.,1,0
CBODTHA1,5,05 jun. 2023,Me encant√≥ el producto la tela es de excelente calidad y cumple con la funci√≥n de evitar el paso de la luz.,1,0
CBODTHA1,5,03 jun. 2023,Mucha calidad.,1,0
CBODTHA1,5,30 may. 2023,No trasluce y mantiene fresca la casa.,1,0
CBODTHA1,5,12 sep. 2023,Me encant√≥ en vdd si cubre el calor y la luz no entra para nada.,0,0
CBODTHA1,5,12 sep. 2023,Super bien. Es gruesa casi llegando a pl√°stica pero no es olastico ea tela solo que gruesa. Nones muy pesada y realmente no deja que entre la luz. Muy buena.,0,0
CBODTHA1,5,11 sep. 2023,Buen producto.,0,0
CBODTHA1,5,11 sep. 2023,Tela gruesa y no se transparenta.,0,0
CBODTHA1,5,10 sep. 2023,Excelente calidad.,0,0
CBODTHA1,5,10 sep. 2023,Exelentes.,0,0
CBODTHA1,5,10 sep. 2023,Me encantaron! ü§©.,0,0
CBODTHA1,5,09 sep. 2023,Excelente.,0,0
CBODTHA1,5,09 sep. 2023,Excelente compra.,0,0
CBODTHA1,5,08 sep. 2023,"Tela gruesa y fresca, muy bonita el tono es igual.",0,0
CBODTHA1,5,08 sep. 2023,"Excelente, no traspasa el sol, lo recomiendo.",0,0
CBODTHA1,5,08 sep. 2023,Excelente tela y est√°n hermosas de muy buena calidad.,0,0
CBODTHA1,5,07 sep. 2023,"Me encant√≥, la tela es suavecita y cubre muy bien la luz, sin duda volver√≠a a comprar.",0,0
CBODTHA1,5,07 sep. 2023,Excelente calidad y material.,0,0
CBODTHA1,5,06 sep. 2023,Perfecta no se mete la luz mis buena calidad de tela.,0,0
CBODTHA1,5,06 sep. 2023,"La verdad s√≠ cubre much√≠simo la luz, y no deja pasar tanto el calor, super√≥ mis expectativas y por el precio est√° incre√≠ble!.",0,0
CBODTHA1,5,06 sep. 2023,Me gustaron mucho por qu√© cumplen con el objetivo de no dejar pasar luz.,0,0
CBODTHA1,5,06 sep. 2023,Muy practico y de buen material.,0,0
CBODTHA1,5,05 sep. 2023,Excelente producto cortinas especiales para cuarto de vampiro.,0,0
CBODTHA1,5,05 sep. 2023,Cumple con su prop√≥sito y brinda oscuridad y privacidad total.,0,0
CBODTHA1,5,03 sep. 2023,"Esta super hermosa, nos facino.",0,0
CBODTHA1,5,03 sep. 2023,Cubre muy bien de los rayos del amanecer perfecta si quieres seguir durmiendo.,0,0
CBODTHA1,5,03 sep. 2023,"Esta muy padre no pasa nada de luz ni de aire , me gusto , lo que no me gusto esque solo viene 1 y no viene especificado en la descripci√≥n del producto.",0,0
CBODTHA1,5,02 sep. 2023,Una joya.,0,0
CBODTHA1,5,02 sep. 2023,"La verdad tenia mis dudas pero son muy buenas cortinas, si tapan muy bien la luz del solo (eso si, a mi ventana no le da directamente el sol en los horarios de mas luz). El material es bueno as√≠ como sus medidas.",0,0
CBODTHA1,5,02 sep. 2023,Me gustaron y las volv√≠ a comprar. De buena calidad y no deja entrar la luz. Cumplen su funci√≥n.,0,0
CBODTHA1,5,01 sep. 2023,Exelente para el precio.,0,0
CBODTHA1,5,01 sep. 2023,Excelente color.,0,0
CBODTHA1,5,31 ago. 2023,El producto me agrado.,0,0
CBODTHA1,5,31 ago. 2023,Me encant√≥ y quiero comprar otra igual rosa en cuanto haya en existencia color rosa.,0,0
CBODTHA1,5,31 ago. 2023,Es muy bien buen producto üëç y de buena calidad üëå.,0,0
CBODTHA1,5,30 ago. 2023,Muy buen producto.,0,0
CBODTHA1,5,30 ago. 2023,"Excelente, justo lo que buscaba.",0,0
CBODTHA1,5,29 ago. 2023,"Excelente, impide el paso de la luz, bonitas yresistentes.",0,0
CBODTHA1,5,28 ago. 2023,"Nos encant√≥, buena calidad.",0,0
CBODTHA1,5,28 ago. 2023,"Muy bueno, es recomendable.",0,0
CBODTHA1,5,28 ago. 2023,Muy buenas del material no pasa el sol son muy gruesas.,0,0
CBODTHA1,5,28 ago. 2023,"Buena calidad de las cortinas, cumple con lo que dice en la descripci√≥n. El color es exacto al de las fotos y tiene buenos terminados.",0,0
CBODTHA1,5,28 ago. 2023,Muy bonita y suave de excelente calidad. Bloquea muy bien la luz y un poco el ruido.,0,0
CBODTHA1,5,28 ago. 2023,"Muy buen producto, es una cortina de muy buena calidad, no esperes una cortina ancha, realmente es angosta pero por el material vale la pena la inversi√≥n.",0,0
CBODTHA1,5,28 ago. 2023,Exelente.,0,0
CBODTHA1,5,28 ago. 2023,Muy bonita y de gran calidad. Las compre dos veces ya qu√© cada empaque trae solo una.,0,0
CBODTHA1,5,27 ago. 2023,Excelente material me gustaron.,0,0
CBODTHA1,5,27 ago. 2023,La tela tiene una calidad de 10 est√°n preciosas üòç las ame no pasan nada de luz la tela es gruesa y vienen en una presentaci√≥n muy bonita el precio esta excelente.,0,0
CBODTHA1,5,26 ago. 2023,Excelente compra la recomiendo.,0,0
CBODTHA1,5,26 ago. 2023,Esta muy bien solo que en la imagen se ven 2 pz y es solo 1pz.,0,0
CBODTHA1,5,25 ago. 2023,Me gusto buena calidad.,0,0
CBODTHA1,5,25 ago. 2023,"Muy buen producto la tela no deja pasar la luz, f√°cil de instalar.",0,0
CBODTHA1,5,25 ago. 2023,Oscureci√≥ mucho mi cuarto y no deja que entre el calor de la ventana.,0,0
CBODTHA1,5,25 ago. 2023,"Me gusto mucho la tela, es suave y de calidad, para el el precio esta incre√≠ble.",0,0
CBODTHA1,5,25 ago. 2023,"Excelente producto, buen material.",0,0
CBODTHA1,5,25 ago. 2023,Era lo qu√© esperaba.,0,0
CBODTHA1,5,24 ago. 2023,Recomendable smpliamente.,0,0
CBODTHA1,5,24 ago. 2023,"Muy recomendable,. Muy buena calidad!!.",0,0
CBODTHA1,5,24 ago. 2023,Muy cool.,0,0
CBODTHA1,5,24 ago. 2023,Incre√≠ble! recomendable comprar dos para que no queden cortas.,0,0
CBODTHA1,5,23 ago. 2023,Muy gruesa y cubre bien la luz.,0,0
CBODTHA1,5,23 ago. 2023,Muy buen producto y de buena calidad me gustan mucho.,0,0
CBODTHA1,5,23 ago. 2023,Excelente a como necesitaba la medida.,0,0
CBODTHA1,5,23 ago. 2023,"Me encant√≥ !!!!! volver√© a comprar sin dudar. Muy bonitas, gruesas y de tela resistente.",0,0
CBODTHA1,5,23 ago. 2023,"Buena relaci√≥n calidad-precio, las recomiendo.",0,0
CBODTHA1,5,23 ago. 2023,"Excelente producto, compr√© 6 cortinas y definitivamente es una excelente inversi√≥n, precio, material y calidad. Las recomiendo ampliamente.",0,0
CBODTHA1,5,23 ago. 2023,Exelente producto y calidad üëåüèª.,0,0
CBODTHA1,5,22 ago. 2023,"Excelente producto, muy recomendable, muchas gracias!.",0,0
CBODTHA1,5,22 ago. 2023,"Excelente. Tapa perfecto la luz del exterior. La tela no es delgada, no ha perdido el color a pesar de que el sol le da todo el d√≠a. Volver√≠a a comprar otras.",0,0
CBODTHA1,5,22 ago. 2023,Muy bonitas.,0,0
CBODTHA1,5,22 ago. 2023,Muy bonitas las recomiendo al 100%.,0,0
CBODTHA1,5,21 ago. 2023,"Excelente, no se pasa la luz.",0,0
CBODTHA1,5,21 ago. 2023,Buen producto y no deja pasar la luz.,0,0
CBODTHA1,5,21 ago. 2023,Lo recomiendo no se traspasa la luz y el material de primera.,0,0
CBODTHA1,5,21 ago. 2023,Viene de un excelente tama√±o y es lo suficientemente gruesa.,0,0
CBODTHA1,5,20 ago. 2023,Me encant√≥.,0,0
CBODTHA1,5,20 ago. 2023,Excelente calidad.,0,0
CBODTHA1,5,19 ago. 2023,"Cortinas de buena calidad, cubren al 100 la luz solar. Encantada con mi compra !.",0,0
CBODTHA1,5,19 ago. 2023,"La tela super suave, cero se transparenta y es resistente, me. Sorprendi√≥ la calidad de las cortinas qu√© aparte se ven hermosas.",0,0
CBODTHA1,5,18 ago. 2023,Gracias a estas mi cuarto no ve la luz del sol y a mi mam√° le preocupa que me vuelva g√≥tico.,0,0
CBODTHA1,5,18 ago. 2023,Excelente.,0,0
CBODTHA1,5,18 ago. 2023,"Muy buen producto, estas cortinas cumplieron con nuestras expectativas, gracias.",0,0
CBODTHA1,5,17 ago. 2023,Cumpli√≥ mis espectativas.,0,0
CBODTHA1,5,17 ago. 2023,Bastante resistente y cubre muy bien la entrada de luz.,0,0
CBODTHA1,5,17 ago. 2023,Me quedaron divinas.,0,0
CBODTHA1,5,17 ago. 2023,Muy buen precio y no pasa la luz cumple su funci√≥n a el üíØ.,0,0
CBODTHA1,5,17 ago. 2023,"Honestamente pens√© que era el par de cortinas,hasta que me di cuenta que solo era una. üôÑ. Ya en relaci√≥n a la cortina,es de muy buen material.",0,0
CBODTHA1,5,16 ago. 2023,Me encanto la textura de la tela y lo hermosas que se ven.,0,0
CBODTHA1,5,16 ago. 2023,"Super recomendable est√°s cortinas , la volver√≠a a comprar sin duda alguna üëå.",0,0
CBODTHA1,5,16 ago. 2023,"Son hermosas, elegantes y de calidad.",0,0
CBODTHA1,5,16 ago. 2023,Perfectas.,0,0
CBODTHA1,5,15 ago. 2023,Excelente calidad.,0,0
CBODTHA1,5,15 ago. 2023,Muy buena calidad la tela.,0,0
CBODTHA1,5,15 ago. 2023,Excelente.,0,0
CBODTHA1,5,15 ago. 2023,Excelente calidad el black out funciona perfecto! solo que al hacer la compra no me fije que solo es una cortina jajaja üò¢.,0,0
CBODTHA1,5,15 ago. 2023,Super contenta con la compra.,0,0
CBODTHA1,5,15 ago. 2023,"Excelente compra, est√°n muy bonitas elegantes la tela es bella y tiene una ca√≠da hermosa. No cubren completamente la luz, dir√≠a yo que un 90% s√≠, pero es suficiente. Volver√© a comprar.",0,0
CBODTHA1,5,15 ago. 2023,"Me gust√≥ mucho, al principio cre√≠ que la tela estaba chafona porque la toqu√© y as√≠ la sent√≠, pero una vez colgada, vi que estaba muy bien y quedaba super padre. Solo un detalle, no s√© si viene especificado o no, si viene pues fue mi error no leer esa parte; en fin quiero mencionar que es solo una cortina, o sea, solo una pieza, no vienen las dos piezas como se ven en la imagen la ventana, digo, el precio est√° bien. Pero si hay que especificar que es una sola pieza.",0,0
CBODTHA1,5,14 ago. 2023,Me encantaron y s√≠ obscurecen muy bien. Yo necesit√© 2 para cubrir mi ventana. Recomiendo primero medir su ventana para saber cu√°ntas necesitan pedir.,0,0
CBODTHA1,5,14 ago. 2023,Buen producto.,0,0
CBODTHA1,5,13 ago. 2023,"Muy buena calidad, la tela es gruesa.",0,0
CBODTHA1,5,13 ago. 2023,"El producto es de buena calidad , tienen un color tal cual el de las fotos. Me gust√≥ que no entra la luz a pesar de que compre un color claro. Satisfecha con mi compra.",0,0
CBODTHA1,5,13 ago. 2023,Son muy bonitas y la calidad es buena.,0,0
CBODTHA1,5,13 ago. 2023,"Me gust√≥ mucho, la calidad es buena. El largo perfecto por qu√© no queda corta, y empide bien la entrada de la luz. Me gust√≥ tanto que pienso pedirla de nuevo.",0,0
CBODTHA1,5,13 ago. 2023,De excelente calidad.,0,0
CBODTHA1,5,13 ago. 2023,Se ve de buena calidad.,0,0
CBODTHA1,5,13 ago. 2023,"Me encantaron , cambia completamente la vista de mi habitaci√≥n, lo √∫nico es que creeo que no son muy anchas. Necesitas 2 por lo menos para que lusca mejor.",0,0
CBODTHA1,5,13 ago. 2023,Justo lo que esperaba excelente.,0,0
CBODTHA1,5,12 ago. 2023,"Perfectas, cubren muy bien la luz.",0,0
CBODTHA1,5,12 ago. 2023,El color me encant√≥ y no entra la luz.,0,0
CBODTHA1,5,12 ago. 2023,Excelente producto compro otras dos m√°s.,0,0
CBODTHA1,5,11 ago. 2023,"Son muy bonitas y tal cual no dejan pasar luz de afuera, la calidad del material tambi√©n se ve muy buena.",0,0
CBODTHA1,5,11 ago. 2023,"Por el precio, m√°s bueno de lo que deber√≠a ser, qued√© encantado con mi primer juego que compre otros 2.",0,0
CBODTHA1,5,11 ago. 2023,"Excelente,le encantaron a mi mujer.",0,0
CBODTHA1,5,11 ago. 2023,Excelente tal es que he perdido otra vez la misma para poner en mi otra ventana.,0,0
CBODTHA1,5,10 ago. 2023,Escogi el negro esta muy elegante y muy grande y ancho y la tela muy buena.,0,0
CBODTHA1,5,10 ago. 2023,Muy bien.,0,0
CBODTHA1,5,09 ago. 2023,Son perfectas.,0,0
CBODTHA1,5,09 ago. 2023,"Buen producto relaci√≥n precio, si es black out total.",0,0
CBODTHA1,5,09 ago. 2023,Excelente producto muy buenas cortinas.,0,0
CBODTHA1,5,08 ago. 2023,Excelente producto.,0,0
CBODTHA1,5,08 ago. 2023,Muy buen producto.,0,0
CBODTHA1,5,08 ago. 2023,Solo deber√≠an de corregir en poner cortina en singular. Por que pens√© que ven√≠a el par por decir cortinasssss.,0,0
CBODTHA1,5,07 ago. 2023,Excelente.,0,0
CBODTHA1,5,07 ago. 2023,Excelente.,0,0
CBODTHA1,5,07 ago. 2023,"Muy buena calidad, si cubre de la luz, justo el tama√±o que dice.",0,0
CBODTHA1,5,07 ago. 2023,"Me encanto! la tela es muy gruesa, no traspasa nada la claridad y tiene argollitas de metal que son muy resistentes. 10 de 10.",0,0
CBODTHA1,5,07 ago. 2023,"Muy buenas cortinas, lo que buscaba, que no entrara casi nada de luz,.",0,0
CBODTHA1,5,06 ago. 2023,Buen producto.,0,0
CBODTHA1,5,06 ago. 2023,"Me gust√≥ el color, se ven muy bien y parecen ser de buena calidad. Totalmente funcionales: la compr√© para mi habitaci√≥n y esta queda completamente a oscuras. Me gustaron y el precio me pareci√≥ barato.",0,0
CBODTHA1,5,06 ago. 2023,Bonita tela.,0,0
CBODTHA1,5,04 ago. 2023,"Exelente material, me encantaronüíñ.",0,0
CBODTHA1,5,04 ago. 2023,Buen tama√±o comparado con el precio y no pasan casi nada de luz.,0,0
CBODTHA1,5,03 ago. 2023,Buen material y bonitas üôÇ.,0,0
CBODTHA1,5,03 ago. 2023,"Excelente, cre√≠ que por el precio la calidad ser√≠a baja pero no es as√≠.",0,0
CBODTHA1,5,03 ago. 2023,"Esta muy bien el material y todo pero como dec√≠a dos piezas cre√≠ que eran dos cortinas y solo es una cortina, con un sujetador de cortina.",0,0
CBODTHA1,5,03 ago. 2023,Protecci√≥n solar excelente.,0,0
CBODTHA1,5,02 ago. 2023,La verdad 5 estrellas que materiales tan bellos son de muy buena calidad y sobre todo se miran elegantes sus colores yo me encargue un color negro y no transpasa nada la luz externa en verdad las recomiendo 10/10.,0,0
CBODTHA1,5,01 ago. 2023,Excelente üëå.,0,0
CBODTHA1,5,01 ago. 2023,"Fue lo que esperaba por el precio, es de buena calidad üòâ.",0,0
CBODTHA1,5,01 ago. 2023,Calidad 100.,0,0
CBODTHA1,5,31 jul. 2023,Me encantaron.,0,0
CBODTHA1,5,31 jul. 2023,Si esta gruesa para cubrir bien el sol.,0,0
CBODTHA1,5,31 jul. 2023,"Super buen producto, lastima que no med√≠ bien y quedaron super grandes a mis ventanas y tuve que devolverlas.",0,0
CBODTHA1,5,31 jul. 2023,Buena calidad !!!.,0,0
CBODTHA1,5,30 jul. 2023,Muy bueno.,0,0
CBODTHA1,5,29 jul. 2023,Muy buen material!! el color es como en la foto.,0,0
CBODTHA1,5,29 jul. 2023,"La verdad es que me sorprendi√≥, vale totalmente la pena üôåüèΩ.",0,0
CBODTHA1,5,28 jul. 2023,Muy bien el producto estoy satisfecho.,0,0
CBODTHA1,5,27 jul. 2023,Excelente producto.,0,0
CBODTHA1,5,26 jul. 2023,"Excelente la gris, buena calidad.",0,0
CBODTHA1,5,25 jul. 2023,Por el precio esperaba mucho menos. Excelente cubre de la luz perfecto. No se arruga. Una de mis mejores compras. Demasiada calidad por el. Precio. Mas me cobraria. √ëor bastillar una tela.,0,0
CBODTHA1,5,25 jul. 2023,Muy buena calida.,0,0
CBODTHA1,5,25 jul. 2023,"Buen producto, no deja pasar luz.",0,0
CBODTHA1,5,24 jul. 2023,"Compra garantizada, excelente calidad.",0,0
CBODTHA1,5,24 jul. 2023,La tela me gust√≥ y de acuerdo a lo ue esperaba.,0,0
CBODTHA1,5,23 jul. 2023,Muy buena cortina y muy buena calidad y precio üëç.,0,0
CBODTHA1,5,23 jul. 2023,"Excelente calidad, la tela es gruesa, no transparentan y traen su list√≥n para atar.",0,0
CBODTHA1,5,23 jul. 2023,Mi producto me encanto.,0,0
CBODTHA1,5,22 jul. 2023,"Me gustaron mucho, la tela es muy bonita y el color igual si las recomiendo.",0,0
CBODTHA1,5,22 jul. 2023,Est√°n muy bonitas y de buena calidad.,0,0
CBODTHA1,5,22 jul. 2023,"Material 10/10 calidad excelente, grosor, color todo.",0,0
CBODTHA1,5,22 jul. 2023,"Excelente calidad, dise√±o y precio cumpli√≥ con todas mis expectativas, las recomiendo al 100% para quienes busquen este producto de las 3b bueno, bonito y barato.",0,0
CBODTHA1,5,21 jul. 2023,Quedaron s√∫per bien y obscurecen muy bien el cuarto justo lo que esper√°bamos 100% recomendables.,0,0
CBODTHA1,5,21 jul. 2023,Bueno bonito y barato. Excelente producto.,0,0
CBODTHA1,5,21 jul. 2023,La calidad est√° 10/10 recomendado.,0,0
CBODTHA1,5,20 jul. 2023,"Es un producto de muy buena calidad, realmente recomendable.",0,0
CBODTHA1,4,01 may. 2023,"La verdad me sorprendi√≥ mucho. Es una cortina de muy buena calidad, el tama√±o es perfecto. Pero no le doy 5 estrellas xq el color no es el indicado, pedo azul turquesa y es como verde, no se parece en nada al color de la foto. Comprare otras en otro color.",0,10
CBODTHA1,4,15 ago. 2023,"Buenas, baratas y bonitas ü§©.",1,0
CBODTHA1,4,09 sep. 2023,Encantada con las cortinas.,0,0
CBODTHA1,4,04 sep. 2023,Me encanto. Las medidas fueron las correctas.,0,0
CBODTHA1,4,25 ago. 2023,"Me gust√≥ mucho como se ve el cuarto solo lo que no nos gust√≥, es que viene solo una cortina üòû.",0,0
CBODTHA1,4,24 ago. 2023,Estoy muy üòè contenta.,0,0
CBODTHA1,4,23 ago. 2023,El tono caf√© no es tan fuerte.,0,0
CBODTHA1,4,23 ago. 2023,"Es buena la cortina. Es gruesa, no pasa nada de luz.",0,0
CBODTHA1,4,23 ago. 2023,Muy bien.,0,0
CBODTHA1,4,22 ago. 2023,"No me agrado mucho la calidad del producto, pero cumple la funci√≥n.",0,0
CBODTHA1,4,13 ago. 2023,Muy bonitas excelente material.,0,0
CBODTHA1,4,12 ago. 2023,Es muy padre cumplio mis expectativas.,0,0
CBODTHA1,4,10 ago. 2023,Se miran re facheras en la ventana de mi cuarto.,0,0
CBODTHA1,4,05 ago. 2023,"Es buena opci√≥n , solo que si me saque de onda ya que en la imagen vienen dos piezas y solo recib√≠ una no se si viene en la descripci√≥n cosa que no le√≠ solo las medidas.",0,0
CBODTHA1,4,03 ago. 2023,"Quedaron perfectas, la calidad es buena comparada con el precio üëå volver√≠a a comprar.",0,0
CBODTHA1,4,24 jul. 2023,Estan bien.,0,0
CBODTHA1,4,19 jul. 2023,Buen producto.,0,0
CBODTHA1,4,17 jul. 2023,Bueno.,0,0
CBODTHA1,4,16 jul. 2023,Excelente producto.,0,0
CBODTHA1,4,16 jul. 2023,Me gustaron mucho solo viene una por compra.,0,0
CBODTHA1,4,29 jun. 2023,"Depende el color es el black out entre m√°s clara la tela si cubre aunque se llega a transparentar un poco, vienen bien cosidas.",0,0
CBODTHA1,4,06 jun. 2023,Pens√© que eran dos piezas. El. Color muy padre y buen material para contina. Precio calidad muy bien.,0,0
CBODTHA1,4,19 may. 2023,"Fue para regalar pero les encant√≥ pro el color y los materiales son muy buenos, a√∫n se transparenta pero no mucho as√≠ que cumple su funci√≥n.",0,0
CBODTHA1,4,09 may. 2023,Cortinas de muy buena calidad.,0,0
CBODTHA1,3,04 jul. 2023,"Si la tela de la cortina es oscura si es muy buen blackout, oscurece muy bien. En cambio la beige no cubre tanto el sol, ha de ser un 60% lo cual no es malo pero pudiera mejorar. El tono de azul marino es muy bonito, pero tambi√©n la compr√© en beige y en gris y son colores muy opacos que no se lucen y parecen de mala calidad, no se parecen a las fotograf√≠as que muestran.",2,6
CBODTHA1,3,15 jul. 2023,Solo que te vine solo una pieza y no dos como est√° en la imagen y por lo que pues en ese momento entend√≠ eran las dos no solo una pero en si son de muy buena calidad.,0,1
CBODTHA1,3,25 jul. 2023,Si compras un color oscuro t√© funciona m√°s.,2,0
CBODTHA1,3,29 ago. 2023,En general est√°n bien pero no cubren tanto la luz.,0,0
CBODTHA1,3,19 ago. 2023,"La verdad que todo esta muy bien, se siente de muy buena calidad y todo. Sin embargo creo que la publicidad es un poco enga√±osa por qu√© ponen ‚Äúcortinas‚Äù y en la foto aparecen dos. Es cuesti√≥n de leer la descripci√≥n para darse cuenta que es una, pero si te vas por lo primero que muestran si te puedes llevar una decepci√≥n.",0,0
CBODTHA1,3,18 ago. 2023,Deber√≠an poner dos piezas ya que realmente son las que se ocupan por tama√±o.,0,0
CBODTHA1,3,18 ago. 2023,Bueno pero no me percate q nomas era una.,0,0
CBODTHA1,3,16 ago. 2023,"Muy bonitas yo compre en color gris obscuro muy buen material y todo bien en ese aspecto, solo que yo pens√© que ven√≠a el par como se ve en la foto y en realidad s√≥lo viene una üò´ igual el precio tambi√©n se me hace accesible pero de aver sabido pues encargo 2 ü§î.",0,0
CBODTHA1,3,14 ago. 2023,Buena calidad solo que pens√© que ven√≠an 2 piezas jeje pero muy buenaas.,0,0
CBODTHA1,3,12 ago. 2023,Bien.,0,0
CBODTHA1,3,08 ago. 2023,Est√° muy bien.,0,0
CBODTHA1,3,01 ago. 2023,"Por favor lean bien es una sola cortina a 200 pesos , por el precio se me hizo muy chafa el material. Dos cortinas te salen en $ 400 pesos.",0,0
CBODTHA1,3,20 jul. 2023,Les falta aclarar que es por pieza no por juego de cortinas.,0,0
CBODTHA1,3,29 jun. 2023,"Solo que es una sola hoja yo pens√© que eran dos,pero la calidad me pareci√≥ buena.",0,0
CBODTHA1,3,11 jun. 2023,Si son black out! pero es de la tela que se da√±a con tener las u√±as largas.,0,0
CBODTHA1,3,06 jun. 2023,Es de buena calidad pero no le√≠ bn y solo es una pz.,0,0
CBODTHA1,2,10 jul. 2023,Solo una cortina y la imagen muestra 2.,0,2
CBODTHA1,2,28 may. 2023,"Hay que leer bien porque solo viene un pliego de cortinas, en la foto muestran dos cortinas.",0,0
CBODTHA1,1,27 ago. 2023,"El color se ve horrible todo descolorido como quemado por el sol, ahora como lo devuelvo? quiero mi dineroüò°.",0,0
CBODTHA1,1,26 ago. 2023,Bien solo q tenia un sola cortina y n dos.,0,0
CBODTHA1,1,25 ago. 2023,Solo viene una sola cortina y en la foto se ve que son las fos.,0,0
CBODTHA1,1,06 ago. 2023,"Por la foto principal hacen creer que son dos piezas, ya leyendo pues si dicen que es una pieza pero uno se va por lo que ve en las fotos.",0,0
CBODTHA1,1,06 jul. 2023,Solo es una cortina y dice cortinas üôÑ.,0,0
CBODTHA1,1,22 jun. 2023,Solo venia una pz.,0,0
CBODTHA1,1,27 may. 2023,Krei que eran dos cortinas.,0,0
CBODTHA1,1,19 may. 2023,Pregunte dos veces y las dos veces me pusieron que ven√≠an 2 cortinas y solo viene 1.,0,1
